Day,Number of Bicycle Hires,,Month,Number of Bicycle Hires,,Year,Number of Bicycle Hires,,Month,Average Hire Time (mins),
7/30/10,"6,897",,Jul 10,"12,461",,2010,"2,180,813",,Jul 10,17,
7/31/10,"5,564",,Aug 10,"341,203",,2011,"7,142,449",,Aug 10,17,
8/1/10,"4,303",,Sep 10,"540,859",,2012,"9,519,283",,Sep 10,15,
8/2/10,"6,642",,Oct 10,"544,412",,2013,"8,045,459",,Oct 10,15,
8/3/10,"7,966",,Nov 10,"456,304",,2014,"10,023,897",,Nov 10,14,
8/4/10,"7,893",,Dec 10,"285,574",,2015,"9,871,780",,Dec 10,17,
8/5/10,"8,724",,Jan 11,"403,178",,2016,"10,303,637",,Jan 11,16,
8/6/10,"9,797",,Feb 11,"398,292",,2017,"10,446,044",,Feb 11,17,
8/7/10,"6,631",,Mar 11,"556,155",,2018,"10,567,540",,Mar 11,20,
8/8/10,"7,864",,Apr 11,"673,639",,2019,"3,067,135",,Apr 11,27,
8/9/10,"6,191",,May 11,"722,072",,Grand Total,"81,168,037",,May 11,15,
8/10/10,"4,802",,Jun 11,"638,717",,,,,Jun 11,16,
8/11/10,"14,013",,Jul 11,"708,454",,against last month,against last year,,Jul 11,16,
8/12/10,"13,080",,Aug 11,"642,440",,-9.32%,88.29%,,Aug 11,18,
8/13/10,"12,151",,Sep 11,"684,780",,6.59%,26.61%,,Sep 11,17,
8/14/10,"9,195",,Oct 11,"708,802",,3.51%,30.20%,,Oct 11,17,
8/15/10,"10,928",,Nov 11,"597,191",,-15.75%,30.88%,,Nov 11,16,
8/16/10,"15,384",,Dec 11,"408,729",,-31.56%,43.13%,,Dec 11,19,
8/17/10,"15,396",,Jan 12,"494,325",,20.94%,22.61%,,Jan 12,17,
8/18/10,"16,062",,Feb 12,"481,826",,-2.53%,20.97%,,Feb 12,17,
8/19/10,"17,170",,Mar 12,"818,209",,69.81%,47.12%,,Mar 12,21,
8/20/10,"16,462",,Apr 12,"649,473",,-20.62%,-3.59%,,Apr 12,21,
8/21/10,"11,719",,May 12,"926,952",,42.72%,28.37%,,May 12,22,
8/22/10,"10,129",,Jun 12,"858,805",,-7.35%,34.46%,,Jun 12,22,
8/23/10,"12,935",,Jul 12,"1,014,174",,18.09%,43.15%,,Jul 12,23,
8/24/10,"17,006",,Aug 12,"1,163,171",,14.69%,81.06%,,Aug 12,23,
8/25/10,"10,062",,Sep 12,"1,015,145",,-12.73%,48.24%,,Sep 12,20,
8/26/10,"9,875",,Oct 12,"856,866",,-15.59%,20.89%,,Oct 12,18,
8/27/10,"12,854",,Nov 12,"726,893",,-15.17%,21.72%,,Nov 12,17,
8/28/10,"10,116",,Dec 12,"513,444",,-29.36%,25.62%,,Dec 12,19,
8/29/10,"7,811",,Jan 13,"565,589",,10.16%,14.42%,,Jan 13,17,
8/30/10,"10,534",,Feb 13,"516,588",,-8.66%,7.21%,,Feb 13,16,
8/31/10,"17,508",,Mar 13,"504,611",,-2.32%,-38.33%,,Mar 13,16,
9/1/10,"19,332",,Apr 13,"658,230",,30.44%,1.35%,,Apr 13,20,
9/2/10,"20,909",,May 13,"749,934",,13.93%,-19.10%,,May 13,22,
9/3/10,"20,113",,Jun 13,"813,631",,8.49%,-5.26%,,Jun 13,22,
9/4/10,"14,373",,Jul 13,"998,755",,22.75%,-1.52%,,Jul 13,25,
9/5/10,"12,924",,Aug 13,"904,155",,-9.47%,-22.27%,,Aug 13,25,
9/6/10,"16,841",,Sep 13,"701,724",,-22.39%,-30.87%,,Sep 13,19,
9/7/10,"25,361",,Oct 13,"674,154",,-3.93%,-21.32%,,Oct 13,17,
9/8/10,"18,727",,Nov 13,"514,146",,-23.73%,-29.27%,,Nov 13,15,
9/9/10,"20,774",,Dec 13,"443,942",,-13.65%,-13.54%,,Dec 13,18,
9/10/10,"19,532",,Jan 14,"493,870",,11.25%,-12.68%,,Jan 14,15,
9/11/10,"13,383",,Feb 14,"522,940",,5.89%,1.23%,,Feb 14,17,
9/12/10,"14,002",,Mar 14,"757,864",,44.92%,50.19%,,Mar 14,20,
9/13/10,"18,037",,Apr 14,"805,571",,6.29%,22.38%,,Apr 14,21,
9/14/10,"17,026",,May 14,"890,709",,10.57%,18.77%,,May 14,21,
9/15/10,"20,890",,Jun 14,"1,052,573",,18.17%,29.37%,,Jun 14,21,
9/16/10,"20,433",,Jul 14,"1,183,182",,12.41%,18.47%,,Jul 14,22,
9/17/10,"20,488",,Aug 14,"1,055,206",,-10.82%,16.71%,,Aug 14,22,
9/18/10,"15,495",,Sep 14,"1,058,684",,0.33%,50.87%,,Sep 14,19,
9/19/10,"11,492",,Oct 14,"907,998",,-14.23%,34.69%,,Oct 14,18,
9/20/10,"20,169",,Nov 14,"715,447",,-21.21%,39.15%,,Nov 14,16,
9/21/10,"22,906",,Dec 14,"579,853",,-18.95%,30.61%,,Dec 14,18,
9/22/10,"23,905",,Jan 15,"583,663",,0.66%,18.18%,,Jan 15,15,
9/23/10,"17,729",,Feb 15,"549,278",,-5.89%,5.04%,,Feb 15,15,
9/24/10,"18,053",,Mar 15,"701,384",,27.69%,-7.45%,,Mar 15,17,
9/25/10,"14,010",,Apr 15,"838,543",,19.56%,4.09%,,Apr 15,20,
9/26/10,"7,890",,May 15,"899,969",,7.33%,1.04%,,May 15,21,
9/27/10,"18,789",,Jun 15,"1,039,768",,15.53%,-1.22%,,Jun 15,21,
9/28/10,"21,554",,Jul 15,"1,134,816",,9.14%,-4.09%,,Jul 15,23,
9/29/10,"13,899",,Aug 15,"1,042,932",,-8.10%,-1.16%,,Aug 15,24,
9/30/10,"21,823",,Sep 15,"903,429",,-13.38%,-14.66%,,Sep 15,19,
10/1/10,"11,424",,Oct 15,"885,375",,-2.00%,-2.49%,,Oct 15,19,
10/2/10,"10,704",,Nov 15,"684,518",,-22.69%,-4.32%,,Nov 15,16,
10/3/10,"8,237",,Dec 15,"608,164",,-11.15%,4.88%,,Dec 15,18,
10/4/10,"23,688",,Jan 16,"586,325",,-3.59%,0.46%,,Jan 16,16,
10/5/10,"22,054",,Feb 16,"597,641",,1.93%,8.80%,,Feb 16,16,
10/6/10,"20,114",,Mar 16,"664,485",,11.18%,-5.26%,,Mar 16,17,
10/7/10,"24,072",,Apr 16,"763,308",,14.87%,-8.97%,,Apr 16,18,
10/8/10,"22,886",,May 16,"1,013,666",,32.80%,12.63%,,May 16,21,
10/9/10,"14,463",,Jun 16,"963,232",,-4.98%,-7.36%,,Jun 16,19,
10/10/10,"14,871",,Jul 16,"1,188,428",,23.38%,4.72%,,Jul 16,23,
10/11/10,"21,986",,Aug 16,"1,158,393",,-2.53%,11.07%,,Aug 16,22,
10/12/10,"23,016",,Sep 16,"1,053,039",,-9.09%,16.56%,,Sep 16,19,
10/13/10,"22,251",,Oct 16,"945,143",,-10.25%,6.75%,,Oct 16,17,
10/14/10,"21,582",,Nov 16,"711,002",,-24.77%,3.87%,,Nov 16,15,
10/15/10,"20,934",,Dec 16,"658,975",,-7.32%,8.35%,,Dec 16,18,
10/16/10,"12,735",,Jan 17,"638,491",,-3.11%,8.90%,,Jan 17,18,
10/17/10,"12,764",,Feb 17,"618,550",,-3.12%,3.50%,,Feb 17,16,
10/18/10,"20,464",,Mar 17,"819,752",,32.53%,23.37%,,Mar 17,17,
10/19/10,"17,964",,Apr 17,"917,716",,11.95%,20.23%,,Apr 17,21,
10/20/10,"20,750",,May 17,"992,601",,8.16%,-2.08%,,May 17,20,
10/21/10,"21,161",,Jun 17,"1,098,294",,10.65%,14.02%,,Jun 17,21,
10/22/10,"20,164",,Jul 17,"1,131,838",,3.05%,-4.76%,,Jul 17,21,
10/23/10,"11,584",,Aug 17,"994,199",,-12.16%,-14.17%,,Aug 17,22,
10/24/10,"11,259",,Sep 17,"934,751",,-5.98%,-11.23%,,Sep 17,19,
10/25/10,"18,430",,Oct 17,"973,682",,4.16%,3.02%,,Oct 17,18,
10/26/10,"13,950",,Nov 17,"792,082",,-18.65%,11.40%,,Nov 17,16,
10/27/10,"19,559",,Dec 17,"534,088",,-32.57%,-18.95%,,Dec 17,17,
10/28/10,"19,995",,Jan 18,"645,901",,20.94%,1.16%,,Jan 18,16,
10/29/10,"19,119",,Feb 18,"576,425",,-10.76%,-6.81%,,Feb 18,16,
10/30/10,"13,493",,Mar 18,"604,921",,4.94%,-26.21%,,Mar 18,17,
10/31/10,"8,739",,Apr 18,"824,737",,36.34%,-10.13%,,Apr 18,20,
11/1/10,"19,785",,May 18,"1,112,686",,34.91%,12.10%,,May 18,22,
11/2/10,"21,754",,Jun 18,"1,181,642",,6.20%,7.59%,,Jun 18,22,
11/3/10,"27,964",,Jul 18,"1,253,102",,6.05%,10.71%,,Jul 18,23,
11/4/10,"22,424",,Aug 18,"1,058,181",,-15.56%,6.44%,,Aug 18,22,
11/5/10,"15,815",,Sep 18,"1,008,201",,-4.72%,7.86%,,Sep 18,19,
11/6/10,"11,877",,Oct 18,"978,290",,-2.97%,0.47%,,Oct 18,18,
11/7/10,"9,331",,Nov 18,"738,024",,-24.56%,-6.82%,,Nov 18,16,
11/8/10,"11,328",,Dec 18,"585,430",,-20.68%,9.61%,,Dec 18,18,
11/9/10,"16,026",,Jan 19,"685,798",,17.14%,6.18%,,Jan 19,18,
11/10/10,"19,767",,Feb 19,"698,917",,1.91%,21.25%,,Feb 19,20,
11/11/10,"12,901",,Mar 19,"792,272",,13.36%,30.97%,,Mar 19,17,
11/12/10,"14,534",,Apr 19,"890,148",,12.35%,7.93%,,Apr 19,17,
11/13/10,"12,123",,,,,,,,,,
11/14/10,"6,235",,,,,,,,,,
11/15/10,"18,086",,,,,,,,,,
11/16/10,"18,764",,,,,,,,,,
11/17/10,"17,005",,,,,,,,,,
11/18/10,"15,974",,,,,,,,,,
11/19/10,"18,545",,,,,,,,,,
11/20/10,"10,806",,,,,,,,,,
11/21/10,"8,356",,,,,,,,,,
11/22/10,"17,258",,,,,,,,,,
11/23/10,"17,427",,,,,,,,,,
11/24/10,"18,628",,,,,,,,,,
11/25/10,"16,822",,,,,,,,,,
11/26/10,"16,092",,,,,,,,,,
11/27/10,"7,867",,,,,,,,,,
11/28/10,"6,866",,,,,,,,,,
11/29/10,"16,681",,,,,,,,,,
11/30/10,"9,263",,,,,,,,,,
12/1/10,"9,848",,,,,,,,,,
12/2/10,"7,356",,,,,,,,,,
12/3/10,"8,264",,,,,,,,,,
12/4/10,"7,857",,,,,,,,,,
12/5/10,"8,321",,,,,,,,,,
12/6/10,"13,855",,,,,,,,,,
12/7/10,"15,033",,,,,,,,,,
12/8/10,"15,225",,,,,,,,,,
12/9/10,"16,171",,,,,,,,,,
12/10/10,"15,602",,,,,,,,,,
12/11/10,"10,328",,,,,,,,,,
12/12/10,"8,585",,,,,,,,,,
12/13/10,"14,997",,,,,,,,,,
12/14/10,"15,550",,,,,,,,,,
12/15/10,"13,412",,,,,,,,,,
12/16/10,"10,833",,,,,,,,,,
12/17/10,"10,366",,,,,,,,,,
12/18/10,"2,805",,,,,,,,,,
12/19/10,"2,764",,,,,,,,,,
12/20/10,"6,876",,,,,,,,,,
12/21/10,"7,879",,,,,,,,,,
12/22/10,"9,718",,,,,,,,,,
12/23/10,"8,867",,,,,,,,,,
12/24/10,"5,402",,,,,,,,,,
12/25/10,"5,621",,,,,,,,,,
12/26/10,"4,383",,,,,,,,,,
12/27/10,"3,971",,,,,,,,,,
12/28/10,"3,763",,,,,,,,,,
12/29/10,"7,010",,,,,,,,,,
12/30/10,"7,464",,,,,,,,,,
12/31/10,"7,448",,,,,,,,,,
1/1/11,"4,555",,,,,,,,,,
1/2/11,"6,250",,,,,,,,,,
1/3/11,"7,262",,,,,,,,,,
1/4/11,"13,430",,,,,,,,,,
1/5/11,"13,757",,,,,,,,,,
1/6/11,"9,595",,,,,,,,,,
1/7/11,"9,294",,,,,,,,,,
1/8/11,"9,338",,,,,,,,,,
1/9/11,"10,558",,,,,,,,,,
1/10/11,"16,058",,,,,,,,,,
1/11/11,"16,412",,,,,,,,,,
1/12/11,"13,894",,,,,,,,,,
1/13/11,"15,911",,,,,,,,,,
1/14/11,"14,834",,,,,,,,,,
1/15/11,"11,851",,,,,,,,,,
1/16/11,"10,471",,,,,,,,,,
1/17/11,"10,835",,,,,,,,,,
1/18/11,"17,703",,,,,,,,,,
1/19/11,"18,350",,,,,,,,,,
1/20/11,"17,957",,,,,,,,,,
1/21/11,"16,509",,,,,,,,,,
1/22/11,"10,658",,,,,,,,,,
1/23/11,"9,911",,,,,,,,,,
1/24/11,"17,193",,,,,,,,,,
1/25/11,"17,045",,,,,,,,,,
1/26/11,"16,396",,,,,,,,,,
1/27/11,"16,519",,,,,,,,,,
1/28/11,"15,538",,,,,,,,,,
1/29/11,"9,379",,,,,,,,,,
1/30/11,"9,455",,,,,,,,,,
1/31/11,"16,260",,,,,,,,,,
2/1/11,"16,331",,,,,,,,,,
2/2/11,"18,102",,,,,,,,,,
2/3/11,"15,593",,,,,,,,,,
2/4/11,"14,938",,,,,,,,,,
2/5/11,"8,442",,,,,,,,,,
2/6/11,"9,437",,,,,,,,,,
2/7/11,"16,537",,,,,,,,,,
2/8/11,"19,829",,,,,,,,,,
2/9/11,"18,197",,,,,,,,,,
2/10/11,"11,496",,,,,,,,,,
2/11/11,"16,070",,,,,,,,,,
2/12/11,"12,855",,,,,,,,,,
2/13/11,"7,034",,,,,,,,,,
2/14/11,"17,836",,,,,,,,,,
2/15/11,"15,667",,,,,,,,,,
2/16/11,"18,989",,,,,,,,,,
2/17/11,"18,938",,,,,,,,,,
2/18/11,"17,460",,,,,,,,,,
2/19/11,"6,250",,,,,,,,,,
2/20/11,"7,882",,,,,,,,,,
2/21/11,"13,720",,,,,,,,,,
2/22/11,"15,948",,,,,,,,,,
2/23/11,"12,936",,,,,,,,,,
2/24/11,"19,230",,,,,,,,,,
2/25/11,"18,634",,,,,,,,,,
2/26/11,"7,749",,,,,,,,,,
2/27/11,"8,349",,,,,,,,,,
2/28/11,"13,843",,,,,,,,,,
3/1/11,"15,774",,,,,,,,,,
3/2/11,"16,929",,,,,,,,,,
3/3/11,"16,576",,,,,,,,,,
3/4/11,"16,971",,,,,,,,,,
3/5/11,"9,847",,,,,,,,,,
3/6/11,"7,142",,,,,,,,,,
3/7/11,"16,192",,,,,,,,,,
3/8/11,"17,240",,,,,,,,,,
3/9/11,"18,494",,,,,,,,,,
3/10/11,"18,794",,,,,,,,,,
3/11/11,"19,074",,,,,,,,,,
3/12/11,"15,488",,,,,,,,,,
3/13/11,"10,526",,,,,,,,,,
3/14/11,"19,451",,,,,,,,,,
3/15/11,"19,568",,,,,,,,,,
3/16/11,"19,643",,,,,,,,,,
3/17/11,"20,036",,,,,,,,,,
3/18/11,"14,612",,,,,,,,,,
3/19/11,"17,801",,,,,,,,,,
3/20/11,"14,694",,,,,,,,,,
3/21/11,"20,710",,,,,,,,,,
3/22/11,"21,792",,,,,,,,,,
3/23/11,"23,837",,,,,,,,,,
3/24/11,"23,518",,,,,,,,,,
3/25/11,"24,343",,,,,,,,,,
3/26/11,"16,095",,,,,,,,,,
3/27/11,"17,550",,,,,,,,,,
3/28/11,"21,602",,,,,,,,,,
3/29/11,"22,080",,,,,,,,,,
3/30/11,"18,945",,,,,,,,,,
3/31/11,"20,831",,,,,,,,,,
4/1/11,"22,048",,,,,,,,,,
4/2/11,"19,829",,,,,,,,,,
4/3/11,"17,294",,,,,,,,,,
4/4/11,"20,949",,,,,,,,,,
4/5/11,"16,690",,,,,,,,,,
4/6/11,"25,597",,,,,,,,,,
4/7/11,"25,451",,,,,,,,,,
4/8/11,"26,622",,,,,,,,,,
4/9/11,"22,323",,,,,,,,,,
4/10/11,"21,346",,,,,,,,,,
4/11/11,"22,204",,,,,,,,,,
4/12/11,"23,651",,,,,,,,,,
4/13/11,"18,909",,,,,,,,,,
4/14/11,"22,346",,,,,,,,,,
4/15/11,"22,974",,,,,,,,,,
4/16/11,"19,632",,,,,,,,,,
4/17/11,"22,009",,,,,,,,,,
4/18/11,"24,032",,,,,,,,,,
4/19/11,"27,914",,,,,,,,,,
4/20/11,"27,934",,,,,,,,,,
4/21/11,"26,547",,,,,,,,,,
4/22/11,"23,719",,,,,,,,,,
4/23/11,"19,182",,,,,,,,,,
4/24/11,"21,313",,,,,,,,,,
4/25/11,"21,669",,,,,,,,,,
4/26/11,"22,038",,,,,,,,,,
4/27/11,"24,349",,,,,,,,,,
4/28/11,"23,794",,,,,,,,,,
4/29/11,"19,700",,,,,,,,,,
4/30/11,"21,574",,,,,,,,,,
5/1/11,"19,489",,,,,,,,,,
5/2/11,"18,126",,,,,,,,,,
5/3/11,"23,786",,,,,,,,,,
5/4/11,"26,183",,,,,,,,,,
5/5/11,"23,620",,,,,,,,,,
5/6/11,"28,971",,,,,,,,,,
5/7/11,"22,274",,,,,,,,,,
5/8/11,"21,011",,,,,,,,,,
5/9/11,"27,172",,,,,,,,,,
5/10/11,"29,417",,,,,,,,,,
5/11/11,"27,205",,,,,,,,,,
5/12/11,"23,461",,,,,,,,,,
5/13/11,"23,991",,,,,,,,,,
5/14/11,"21,100",,,,,,,,,,
5/15/11,"19,097",,,,,,,,,,
5/16/11,"24,620",,,,,,,,,,
5/17/11,"25,464",,,,,,,,,,
5/18/11,"23,068",,,,,,,,,,
5/19/11,"27,534",,,,,,,,,,
5/20/11,"27,523",,,,,,,,,,
5/21/11,"24,408",,,,,,,,,,
5/22/11,"19,348",,,,,,,,,,
5/23/11,"24,268",,,,,,,,,,
5/24/11,"27,768",,,,,,,,,,
5/25/11,"28,708",,,,,,,,,,
5/26/11,"18,055",,,,,,,,,,
5/27/11,"22,907",,,,,,,,,,
5/28/11,"15,693",,,,,,,,,,
5/29/11,"18,396",,,,,,,,,,
5/30/11,"16,097",,,,,,,,,,
5/31/11,"23,312",,,,,,,,,,
6/1/11,"26,054",,,,,,,,,,
6/2/11,"26,920",,,,,,,,,,
6/3/11,"26,641",,,,,,,,,,
6/4/11,"15,233",,,,,,,,,,
6/5/11,"8,420",,,,,,,,,,
6/6/11,"13,812",,,,,,,,,,
6/7/11,"22,378",,,,,,,,,,
6/8/11,"23,013",,,,,,,,,,
6/9/11,"25,061",,,,,,,,,,
6/10/11,"20,141",,,,,,,,,,
6/11/11,"21,059",,,,,,,,,,
6/12/11,"6,061",,,,,,,,,,
6/13/11,"23,978",,,,,,,,,,
6/14/11,"28,889",,,,,,,,,,
6/15/11,"25,643",,,,,,,,,,
6/16/11,"17,566",,,,,,,,,,
6/17/11,"15,723",,,,,,,,,,
6/18/11,"13,721",,,,,,,,,,
6/19/11,"17,092",,,,,,,,,,
6/20/11,"20,101",,,,,,,,,,
6/21/11,"26,780",,,,,,,,,,
6/22/11,"22,745",,,,,,,,,,
6/23/11,"24,559",,,,,,,,,,
6/24/11,"22,137",,,,,,,,,,
6/25/11,"17,944",,,,,,,,,,
6/26/11,"23,483",,,,,,,,,,
6/27/11,"26,243",,,,,,,,,,
6/28/11,"21,950",,,,,,,,,,
6/29/11,"28,073",,,,,,,,,,
6/30/11,"27,297",,,,,,,,,,
7/1/11,"27,758",,,,,,,,,,
7/2/11,"22,764",,,,,,,,,,
7/3/11,"21,423",,,,,,,,,,
7/4/11,"27,332",,,,,,,,,,
7/5/11,"24,802",,,,,,,,,,
7/6/11,"26,207",,,,,,,,,,
7/7/11,"20,483",,,,,,,,,,
7/8/11,"19,485",,,,,,,,,,
7/9/11,"21,360",,,,,,,,,,
7/10/11,"20,203",,,,,,,,,,
7/11/11,"26,355",,,,,,,,,,
7/12/11,"26,633",,,,,,,,,,
7/13/11,"25,417",,,,,,,,,,
7/14/11,"26,479",,,,,,,,,,
7/15/11,"27,114",,,,,,,,,,
7/16/11,"10,224",,,,,,,,,,
7/17/11,"10,965",,,,,,,,,,
7/18/11,"18,541",,,,,,,,,,
7/19/11,"21,218",,,,,,,,,,
7/20/11,"21,580",,,,,,,,,,
7/21/11,"20,951",,,,,,,,,,
7/22/11,"25,172",,,,,,,,,,
7/23/11,"20,264",,,,,,,,,,
7/24/11,"22,464",,,,,,,,,,
7/25/11,"25,185",,,,,,,,,,
7/26/11,"25,636",,,,,,,,,,
7/27/11,"24,989",,,,,,,,,,
7/28/11,"26,759",,,,,,,,,,
7/29/11,"25,373",,,,,,,,,,
7/30/11,"23,930",,,,,,,,,,
7/31/11,"21,388",,,,,,,,,,
8/1/11,"22,940",,,,,,,,,,
8/2/11,"24,290",,,,,,,,,,
8/3/11,"26,120",,,,,,,,,,
8/4/11,"15,149",,,,,,,,,,
8/5/11,"26,792",,,,,,,,,,
8/6/11,"20,485",,,,,,,,,,
8/7/11,"14,912",,,,,,,,,,
8/8/11,"23,489",,,,,,,,,,
8/9/11,"23,011",,,,,,,,,,
8/10/11,"24,182",,,,,,,,,,
8/11/11,"20,573",,,,,,,,,,
8/12/11,"22,971",,,,,,,,,,
8/13/11,"20,731",,,,,,,,,,
8/14/11,"21,115",,,,,,,,,,
8/15/11,"23,657",,,,,,,,,,
8/16/11,"24,899",,,,,,,,,,
8/17/11,"23,010",,,,,,,,,,
8/18/11,"16,139",,,,,,,,,,
8/19/11,"25,444",,,,,,,,,,
8/20/11,"17,334",,,,,,,,,,
8/21/11,"21,836",,,,,,,,,,
8/22/11,"25,222",,,,,,,,,,
8/23/11,"10,953",,,,,,,,,,
8/24/11,"22,883",,,,,,,,,,
8/25/11,"20,026",,,,,,,,,,
8/26/11,"12,368",,,,,,,,,,
8/27/11,"14,045",,,,,,,,,,
8/28/11,"15,908",,,,,,,,,,
8/29/11,"17,443",,,,,,,,,,
8/30/11,"21,477",,,,,,,,,,
8/31/11,"23,036",,,,,,,,,,
9/1/11,"25,110",,,,,,,,,,
9/2/11,"25,981",,,,,,,,,,
9/3/11,"24,578",,,,,,,,,,
9/4/11,"14,967",,,,,,,,,,
9/5/11,"21,776",,,,,,,,,,
9/6/11,"13,863",,,,,,,,,,
9/7/11,"22,746",,,,,,,,,,
9/8/11,"23,679",,,,,,,,,,
9/9/11,"23,957",,,,,,,,,,
9/10/11,"20,069",,,,,,,,,,
9/11/11,"17,719",,,,,,,,,,
9/12/11,"21,572",,,,,,,,,,
9/13/11,"23,962",,,,,,,,,,
9/14/11,"25,824",,,,,,,,,,
9/15/11,"25,803",,,,,,,,,,
9/16/11,"25,567",,,,,,,,,,
9/17/11,"15,147",,,,,,,,,,
9/18/11,"17,327",,,,,,,,,,
9/19/11,"23,708",,,,,,,,,,
9/20/11,"23,676",,,,,,,,,,
9/21/11,"22,730",,,,,,,,,,
9/22/11,"24,601",,,,,,,,,,
9/23/11,"25,114",,,,,,,,,,
9/24/11,"22,113",,,,,,,,,,
9/25/11,"21,211",,,,,,,,,,
9/26/11,"20,527",,,,,,,,,,
9/27/11,"24,841",,,,,,,,,,
9/28/11,"28,434",,,,,,,,,,
9/29/11,"29,039",,,,,,,,,,
9/30/11,"29,139",,,,,,,,,,
10/1/11,"27,129",,,,,,,,,,
10/2/11,"26,906",,,,,,,,,,
10/3/11,"27,559",,,,,,,,,,
10/4/11,"26,131",,,,,,,,,,
10/5/11,"26,263",,,,,,,,,,
10/6/11,"25,083",,,,,,,,,,
10/7/11,"24,529",,,,,,,,,,
10/8/11,"18,154",,,,,,,,,,
10/9/11,"17,643",,,,,,,,,,
10/10/11,"24,198",,,,,,,,,,
10/11/11,"26,184",,,,,,,,,,
10/12/11,"26,323",,,,,,,,,,
10/13/11,"25,149",,,,,,,,,,
10/14/11,"26,542",,,,,,,,,,
10/15/11,"23,663",,,,,,,,,,
10/16/11,"18,530",,,,,,,,,,
10/17/11,"23,892",,,,,,,,,,
10/18/11,"23,791",,,,,,,,,,
10/19/11,"23,259",,,,,,,,,,
10/20/11,"23,157",,,,,,,,,,
10/21/11,"23,253",,,,,,,,,,
10/22/11,"20,482",,,,,,,,,,
10/23/11,"18,560",,,,,,,,,,
10/24/11,"22,842",,,,,,,,,,
10/25/11,"22,771",,,,,,,,,,
10/26/11,"17,621",,,,,,,,,,
10/27/11,"19,360",,,,,,,,,,
10/28/11,"23,158",,,,,,,,,,
10/29/11,"18,228",,,,,,,,,,
10/30/11,"15,443",,,,,,,,,,
10/31/11,"22,999",,,,,,,,,,
11/1/11,"22,747",,,,,,,,,,
11/2/11,"23,724",,,,,,,,,,
11/3/11,"18,676",,,,,,,,,,
11/4/11,"18,774",,,,,,,,,,
11/5/11,"16,434",,,,,,,,,,
11/6/11,"14,317",,,,,,,,,,
11/7/11,"20,365",,,,,,,,,,
11/8/11,"19,231",,,,,,,,,,
11/9/11,"22,542",,,,,,,,,,
11/10/11,"23,475",,,,,,,,,,
11/11/11,"21,140",,,,,,,,,,
11/12/11,"18,933",,,,,,,,,,
11/13/11,"17,744",,,,,,,,,,
11/14/11,"19,913",,,,,,,,,,
11/15/11,"22,245",,,,,,,,,,
11/16/11,"21,639",,,,,,,,,,
11/17/11,"22,802",,,,,,,,,,
11/18/11,"22,461",,,,,,,,,,
11/19/11,"18,706",,,,,,,,,,
11/20/11,"14,829",,,,,,,,,,
11/21/11,"20,824",,,,,,,,,,
11/22/11,"20,341",,,,,,,,,,
11/23/11,"21,855",,,,,,,,,,
11/24/11,"21,870",,,,,,,,,,
11/25/11,"21,598",,,,,,,,,,
11/26/11,"15,803",,,,,,,,,,
11/27/11,"14,362",,,,,,,,,,
11/28/11,"20,167",,,,,,,,,,
11/29/11,"18,718",,,,,,,,,,
11/30/11,"20,956",,,,,,,,,,
12/1/11,"16,481",,,,,,,,,,
12/2/11,"19,146",,,,,,,,,,
12/3/11,"13,776",,,,,,,,,,
12/4/11,"10,276",,,,,,,,,,
12/5/11,"18,176",,,,,,,,,,
12/6/11,"18,943",,,,,,,,,,
12/7/11,"19,279",,,,,,,,,,
12/8/11,"17,313",,,,,,,,,,
12/9/11,"18,421",,,,,,,,,,
12/10/11,"11,864",,,,,,,,,,
12/11/11,"8,368",,,,,,,,,,
12/12/11,"16,554",,,,,,,,,,
12/13/11,"17,111",,,,,,,,,,
12/14/11,"17,543",,,,,,,,,,
12/15/11,"17,081",,,,,,,,,,
12/16/11,"11,778",,,,,,,,,,
12/17/11,"8,925",,,,,,,,,,
12/18/11,"7,485",,,,,,,,,,
12/19/11,"11,270",,,,,,,,,,
12/20/11,"15,685",,,,,,,,,,
12/21/11,"14,158",,,,,,,,,,
12/22/11,"15,099",,,,,,,,,,
12/23/11,"9,131",,,,,,,,,,
12/24/11,"4,890",,,,,,,,,,
12/25/11,"17,998",,,,,,,,,,
12/26/11,"10,953",,,,,,,,,,
12/27/11,"8,076",,,,,,,,,,
12/28/11,"9,888",,,,,,,,,,
12/29/11,"8,368",,,,,,,,,,
12/30/11,"6,900",,,,,,,,,,
12/31/11,"7,793",,,,,,,,,,
1/1/12,"5,171",,,,,,,,,,
1/2/12,"9,091",,,,,,,,,,
1/3/12,"10,094",,,,,,,,,,
1/4/12,"13,936",,,,,,,,,,
1/5/12,"14,191",,,,,,,,,,
1/6/12,"17,713",,,,,,,,,,
1/7/12,"12,556",,,,,,,,,,
1/8/12,"10,487",,,,,,,,,,
1/9/12,"19,472",,,,,,,,,,
1/10/12,"20,548",,,,,,,,,,
1/11/12,"20,958",,,,,,,,,,
1/12/12,"20,879",,,,,,,,,,
1/13/12,"19,691",,,,,,,,,,
1/14/12,"13,843",,,,,,,,,,
1/15/12,"12,149",,,,,,,,,,
1/16/12,"19,136",,,,,,,,,,
1/17/12,"20,170",,,,,,,,,,
1/18/12,"17,972",,,,,,,,,,
1/19/12,"15,441",,,,,,,,,,
1/20/12,"18,703",,,,,,,,,,
1/21/12,"13,339",,,,,,,,,,
1/22/12,"12,845",,,,,,,,,,
1/23/12,"20,193",,,,,,,,,,
1/24/12,"13,269",,,,,,,,,,
1/25/12,"20,836",,,,,,,,,,
1/26/12,"19,515",,,,,,,,,,
1/27/12,"20,775",,,,,,,,,,
1/28/12,"13,272",,,,,,,,,,
1/29/12,"10,949",,,,,,,,,,
1/30/12,"18,955",,,,,,,,,,
1/31/12,"18,176",,,,,,,,,,
2/1/12,"18,208",,,,,,,,,,
2/2/12,"16,916",,,,,,,,,,
2/3/12,"16,185",,,,,,,,,,
2/4/12,"8,348",,,,,,,,,,
2/5/12,"3,531",,,,,,,,,,
2/6/12,"15,202",,,,,,,,,,
2/7/12,"17,722",,,,,,,,,,
2/8/12,"16,442",,,,,,,,,,
2/9/12,"16,363",,,,,,,,,,
2/10/12,"15,117",,,,,,,,,,
2/11/12,"9,912",,,,,,,,,,
2/12/12,"8,020",,,,,,,,,,
2/13/12,"13,172",,,,,,,,,,
2/14/12,"17,946",,,,,,,,,,
2/15/12,"19,396",,,,,,,,,,
2/16/12,"19,505",,,,,,,,,,
2/17/12,"19,444",,,,,,,,,,
2/18/12,"9,463",,,,,,,,,,
2/19/12,"12,655",,,,,,,,,,
2/20/12,"18,802",,,,,,,,,,
2/21/12,"20,861",,,,,,,,,,
2/22/12,"18,112",,,,,,,,,,
2/23/12,"23,391",,,,,,,,,,
2/24/12,"22,067",,,,,,,,,,
2/25/12,"19,349",,,,,,,,,,
2/26/12,"17,646",,,,,,,,,,
2/27/12,"20,936",,,,,,,,,,
2/28/12,"23,423",,,,,,,,,,
2/29/12,"23,692",,,,,,,,,,
3/1/12,"25,116",,,,,,,,,,
3/2/12,"21,928",,,,,,,,,,
3/3/12,"17,697",,,,,,,,,,
3/4/12,"5,062",,,,,,,,,,
3/5/12,"19,342",,,,,,,,,,
3/6/12,"21,102",,,,,,,,,,
3/7/12,"17,096",,,,,,,,,,
3/8/12,"24,123",,,,,,,,,,
3/9/12,"23,609",,,,,,,,,,
3/10/12,"24,721",,,,,,,,,,
3/11/12,"27,758",,,,,,,,,,
3/12/12,"28,856",,,,,,,,,,
3/13/12,"27,528",,,,,,,,,,
3/14/12,"28,296",,,,,,,,,,
3/15/12,"29,969",,,,,,,,,,
3/16/12,"26,452",,,,,,,,,,
3/17/12,"13,391",,,,,,,,,,
3/18/12,"19,184",,,,,,,,,,
3/19/12,"28,391",,,,,,,,,,
3/20/12,"30,817",,,,,,,,,,
3/21/12,"31,175",,,,,,,,,,
3/22/12,"31,135",,,,,,,,,,
3/23/12,"33,635",,,,,,,,,,
3/24/12,"35,091",,,,,,,,,,
3/25/12,"28,607",,,,,,,,,,
3/26/12,"32,368",,,,,,,,,,
3/27/12,"34,563",,,,,,,,,,
3/28/12,"36,539",,,,,,,,,,
3/29/12,"35,954",,,,,,,,,,
3/30/12,"35,666",,,,,,,,,,
3/31/12,"23,038",,,,,,,,,,
4/1/12,"30,513",,,,,,,,,,
4/2/12,"32,142",,,,,,,,,,
4/3/12,"25,956",,,,,,,,,,
4/4/12,"27,912",,,,,,,,,,
4/5/12,"24,383",,,,,,,,,,
4/6/12,"22,354",,,,,,,,,,
4/7/12,"16,848",,,,,,,,,,
4/8/12,"15,717",,,,,,,,,,
4/9/12,"6,214",,,,,,,,,,
4/10/12,"24,898",,,,,,,,,,
4/11/12,"29,345",,,,,,,,,,
4/12/12,"25,772",,,,,,,,,,
4/13/12,"27,673",,,,,,,,,,
4/14/12,"26,193",,,,,,,,,,
4/15/12,"10,188",,,,,,,,,,
4/16/12,"28,188",,,,,,,,,,
4/17/12,"20,105",,,,,,,,,,
4/18/12,"16,651",,,,,,,,,,
4/19/12,"18,759",,,,,,,,,,
4/20/12,"22,730",,,,,,,,,,
4/21/12,"22,014",,,,,,,,,,
4/22/12,"19,707",,,,,,,,,,
4/23/12,"19,262",,,,,,,,,,
4/24/12,"27,522",,,,,,,,,,
4/25/12,"12,737",,,,,,,,,,
4/26/12,"21,740",,,,,,,,,,
4/27/12,"24,263",,,,,,,,,,
4/28/12,"7,827",,,,,,,,,,
4/29/12,"9,951",,,,,,,,,,
4/30/12,"31,909",,,,,,,,,,
5/1/12,"24,523",,,,,,,,,,
5/2/12,"28,381",,,,,,,,,,
5/3/12,"23,768",,,,,,,,,,
5/4/12,"25,503",,,,,,,,,,
5/5/12,"16,009",,,,,,,,,,
5/6/12,"17,160",,,,,,,,,,
5/7/12,"15,227",,,,,,,,,,
5/8/12,"28,585",,,,,,,,,,
5/9/12,"21,758",,,,,,,,,,
5/10/12,"26,164",,,,,,,,,,
5/11/12,"31,385",,,,,,,,,,
5/12/12,"30,699",,,,,,,,,,
5/13/12,"28,778",,,,,,,,,,
5/14/12,"23,344",,,,,,,,,,
5/15/12,"18,409",,,,,,,,,,
5/16/12,"31,453",,,,,,,,,,
5/17/12,"31,219",,,,,,,,,,
5/18/12,"30,945",,,,,,,,,,
5/19/12,"28,474",,,,,,,,,,
5/20/12,"22,286",,,,,,,,,,
5/21/12,"30,905",,,,,,,,,,
5/22/12,"36,720",,,,,,,,,,
5/23/12,"40,486",,,,,,,,,,
5/24/12,"42,008",,,,,,,,,,
5/25/12,"41,357",,,,,,,,,,
5/26/12,"39,358",,,,,,,,,,
5/27/12,"38,781",,,,,,,,,,
5/28/12,"40,872",,,,,,,,,,
5/29/12,"37,962",,,,,,,,,,
5/30/12,"38,803",,,,,,,,,,
5/31/12,"35,630",,,,,,,,,,
6/1/12,"34,524",,,,,,,,,,
6/2/12,"25,283",,,,,,,,,,
6/3/12,"12,207",,,,,,,,,,
6/4/12,"22,649",,,,,,,,,,
6/5/12,"15,537",,,,,,,,,,
6/6/12,"30,297",,,,,,,,,,
6/7/12,"23,066",,,,,,,,,,
6/8/12,"22,224",,,,,,,,,,
6/9/12,"29,258",,,,,,,,,,
6/10/12,"20,876",,,,,,,,,,
6/11/12,"10,252",,,,,,,,,,
6/12/12,"23,742",,,,,,,,,,
6/13/12,"34,447",,,,,,,,,,
6/14/12,"31,593",,,,,,,,,,
6/15/12,"30,944",,,,,,,,,,
6/16/12,"26,300",,,,,,,,,,
6/17/12,"28,531",,,,,,,,,,
6/18/12,"31,089",,,,,,,,,,
6/19/12,"37,601",,,,,,,,,,
6/20/12,"39,267",,,,,,,,,,
6/21/12,"27,052",,,,,,,,,,
6/22/12,"33,027",,,,,,,,,,
6/23/12,"26,900",,,,,,,,,,
6/24/12,"23,509",,,,,,,,,,
6/25/12,"36,337",,,,,,,,,,
6/26/12,"37,652",,,,,,,,,,
6/27/12,"36,767",,,,,,,,,,
6/28/12,"39,571",,,,,,,,,,
6/29/12,"35,321",,,,,,,,,,
6/30/12,"32,982",,,,,,,,,,
7/1/12,"27,438",,,,,,,,,,
7/2/12,"24,963",,,,,,,,,,
7/3/12,"27,163",,,,,,,,,,
7/4/12,"32,433",,,,,,,,,,
7/5/12,"40,565",,,,,,,,,,
7/6/12,"24,723",,,,,,,,,,
7/7/12,"24,782",,,,,,,,,,
7/8/12,"15,855",,,,,,,,,,
7/9/12,"30,523",,,,,,,,,,
7/10/12,"29,723",,,,,,,,,,
7/11/12,"30,544",,,,,,,,,,
7/12/12,"24,736",,,,,,,,,,
7/13/12,"28,875",,,,,,,,,,
7/14/12,"17,999",,,,,,,,,,
7/15/12,"29,938",,,,,,,,,,
7/16/12,"24,218",,,,,,,,,,
7/17/12,"36,788",,,,,,,,,,
7/18/12,"29,841",,,,,,,,,,
7/19/12,"37,032",,,,,,,,,,
7/20/12,"31,187",,,,,,,,,,
7/21/12,"34,776",,,,,,,,,,
7/22/12,"38,620",,,,,,,,,,
7/23/12,"42,309",,,,,,,,,,
7/24/12,"45,748",,,,,,,,,,
7/25/12,"45,024",,,,,,,,,,
7/26/12,"46,891",,,,,,,,,,
7/27/12,"42,815",,,,,,,,,,
7/28/12,"44,617",,,,,,,,,,
7/29/12,"26,352",,,,,,,,,,
7/30/12,"41,891",,,,,,,,,,
7/31/12,"35,805",,,,,,,,,,
8/1/12,"41,603",,,,,,,,,,
8/2/12,"43,183",,,,,,,,,,
8/3/12,"43,045",,,,,,,,,,
8/4/12,"39,082",,,,,,,,,,
8/5/12,"30,150",,,,,,,,,,
8/6/12,"37,198",,,,,,,,,,
8/7/12,"38,134",,,,,,,,,,
8/8/12,"42,263",,,,,,,,,,
8/9/12,"46,050",,,,,,,,,,
8/10/12,"47,102",,,,,,,,,,
8/11/12,"44,111",,,,,,,,,,
8/12/12,"41,734",,,,,,,,,,
8/13/12,"36,101",,,,,,,,,,
8/14/12,"41,532",,,,,,,,,,
8/15/12,"36,557",,,,,,,,,,
8/16/12,"38,181",,,,,,,,,,
8/17/12,"40,821",,,,,,,,,,
8/18/12,"40,577",,,,,,,,,,
8/19/12,"35,370",,,,,,,,,,
8/20/12,"37,997",,,,,,,,,,
8/21/12,"39,185",,,,,,,,,,
8/22/12,"39,962",,,,,,,,,,
8/23/12,"36,578",,,,,,,,,,
8/24/12,"33,329",,,,,,,,,,
8/25/12,"17,802",,,,,,,,,,
8/26/12,"31,939",,,,,,,,,,
8/27/12,"27,522",,,,,,,,,,
8/28/12,"37,362",,,,,,,,,,
8/29/12,"30,916",,,,,,,,,,
8/30/12,"30,379",,,,,,,,,,
8/31/12,"37,406",,,,,,,,,,
9/1/12,"33,123",,,,,,,,,,
9/2/12,"27,997",,,,,,,,,,
9/3/12,"39,941",,,,,,,,,,
9/4/12,"40,298",,,,,,,,,,
9/5/12,"40,606",,,,,,,,,,
9/6/12,"39,864",,,,,,,,,,
9/7/12,"41,414",,,,,,,,,,
9/8/12,"40,978",,,,,,,,,,
9/9/12,"39,006",,,,,,,,,,
9/10/12,"35,489",,,,,,,,,,
9/11/12,"37,276",,,,,,,,,,
9/12/12,"35,654",,,,,,,,,,
9/13/12,"37,938",,,,,,,,,,
9/14/12,"36,653",,,,,,,,,,
9/15/12,"36,493",,,,,,,,,,
9/16/12,"29,785",,,,,,,,,,
9/17/12,"35,954",,,,,,,,,,
9/18/12,"37,026",,,,,,,,,,
9/19/12,"36,136",,,,,,,,,,
9/20/12,"35,929",,,,,,,,,,
9/21/12,"32,347",,,,,,,,,,
9/22/12,"33,867",,,,,,,,,,
9/23/12,"8,452",,,,,,,,,,
9/24/12,"21,229",,,,,,,,,,
9/25/12,"33,706",,,,,,,,,,
9/26/12,"27,202",,,,,,,,,,
9/27/12,"32,416",,,,,,,,,,
9/28/12,"31,880",,,,,,,,,,
9/29/12,"31,223",,,,,,,,,,
9/30/12,"25,263",,,,,,,,,,
10/1/12,"23,627",,,,,,,,,,
10/2/12,"30,107",,,,,,,,,,
10/3/12,"32,695",,,,,,,,,,
10/4/12,"35,136",,,,,,,,,,
10/5/12,"23,773",,,,,,,,,,
10/6/12,"30,424",,,,,,,,,,
10/7/12,"27,168",,,,,,,,,,
10/8/12,"22,984",,,,,,,,,,
10/9/12,"32,965",,,,,,,,,,
10/10/12,"35,221",,,,,,,,,,
10/11/12,"25,324",,,,,,,,,,
10/12/12,"31,694",,,,,,,,,,
10/13/12,"26,289",,,,,,,,,,
10/14/12,"25,440",,,,,,,,,,
10/15/12,"30,558",,,,,,,,,,
10/16/12,"33,253",,,,,,,,,,
10/17/12,"30,285",,,,,,,,,,
10/18/12,"32,566",,,,,,,,,,
10/19/12,"21,001",,,,,,,,,,
10/20/12,"25,411",,,,,,,,,,
10/21/12,"15,563",,,,,,,,,,
10/22/12,"27,294",,,,,,,,,,
10/23/12,"31,996",,,,,,,,,,
10/24/12,"33,882",,,,,,,,,,
10/25/12,"29,515",,,,,,,,,,
10/26/12,"26,404",,,,,,,,,,
10/27/12,"17,144",,,,,,,,,,
10/28/12,"15,305",,,,,,,,,,
10/29/12,"24,276",,,,,,,,,,
10/30/12,"30,325",,,,,,,,,,
10/31/12,"29,241",,,,,,,,,,
11/1/12,"26,888",,,,,,,,,,
11/2/12,"28,748",,,,,,,,,,
11/3/12,"21,498",,,,,,,,,,
11/4/12,"11,693",,,,,,,,,,
11/5/12,"27,666",,,,,,,,,,
11/6/12,"27,038",,,,,,,,,,
11/7/12,"29,537",,,,,,,,,,
11/8/12,"29,895",,,,,,,,,,
11/9/12,"29,349",,,,,,,,,,
11/10/12,"18,018",,,,,,,,,,
11/11/12,"20,971",,,,,,,,,,
11/12/12,"23,680",,,,,,,,,,
11/13/12,"30,511",,,,,,,,,,
11/14/12,"31,453",,,,,,,,,,
11/15/12,"30,165",,,,,,,,,,
11/16/12,"28,143",,,,,,,,,,
11/17/12,"20,325",,,,,,,,,,
11/18/12,"21,664",,,,,,,,,,
11/19/12,"28,127",,,,,,,,,,
11/20/12,"25,921",,,,,,,,,,
11/21/12,"20,554",,,,,,,,,,
11/22/12,"27,783",,,,,,,,,,
11/23/12,"27,973",,,,,,,,,,
11/24/12,"8,902",,,,,,,,,,
11/25/12,"16,894",,,,,,,,,,
11/26/12,"20,656",,,,,,,,,,
11/27/12,"20,388",,,,,,,,,,
11/28/12,"21,403",,,,,,,,,,
11/29/12,"26,212",,,,,,,,,,
11/30/12,"24,838",,,,,,,,,,
12/1/12,"16,068",,,,,,,,,,
12/2/12,"15,227",,,,,,,,,,
12/3/12,"23,592",,,,,,,,,,
12/4/12,"26,144",,,,,,,,,,
12/5/12,"23,111",,,,,,,,,,
12/6/12,"22,645",,,,,,,,,,
12/7/12,"20,140",,,,,,,,,,
12/8/12,"17,805",,,,,,,,,,
12/9/12,"14,147",,,,,,,,,,
12/10/12,"23,937",,,,,,,,,,
12/11/12,"23,531",,,,,,,,,,
12/12/12,"22,344",,,,,,,,,,
12/13/12,"21,704",,,,,,,,,,
12/14/12,"17,085",,,,,,,,,,
12/15/12,"16,962",,,,,,,,,,
12/16/12,"14,128",,,,,,,,,,
12/17/12,"22,899",,,,,,,,,,
12/18/12,"23,651",,,,,,,,,,
12/19/12,"16,828",,,,,,,,,,
12/20/12,"12,401",,,,,,,,,,
12/21/12,"20,395",,,,,,,,,,
12/22/12,"5,644",,,,,,,,,,
12/23/12,"9,184",,,,,,,,,,
12/24/12,"7,985",,,,,,,,,,
12/25/12,"16,816",,,,,,,,,,
12/26/12,"10,405",,,,,,,,,,
12/27/12,"9,013",,,,,,,,,,
12/28/12,"10,947",,,,,,,,,,
12/29/12,"8,498",,,,,,,,,,
12/30/12,"11,343",,,,,,,,,,
12/31/12,"8,865",,,,,,,,,,
1/1/13,"12,149",,,,,,,,,,
1/2/13,"16,203",,,,,,,,,,
1/3/13,"21,269",,,,,,,,,,
1/4/13,"22,435",,,,,,,,,,
1/5/13,"16,242",,,,,,,,,,
1/6/13,"13,622",,,,,,,,,,
1/7/13,"23,348",,,,,,,,,,
1/8/13,"25,909",,,,,,,,,,
1/9/13,"25,341",,,,,,,,,,
1/10/13,"24,363",,,,,,,,,,
1/11/13,"23,869",,,,,,,,,,
1/12/13,"13,562",,,,,,,,,,
1/13/13,"12,260",,,,,,,,,,
1/14/13,"17,427",,,,,,,,,,
1/15/13,"22,797",,,,,,,,,,
1/16/13,"22,460",,,,,,,,,,
1/17/13,"22,210",,,,,,,,,,
1/18/13,"13,108",,,,,,,,,,
1/19/13,"7,843",,,,,,,,,,
1/20/13,"3,728",,,,,,,,,,
1/21/13,"13,467",,,,,,,,,,
1/22/13,"18,061",,,,,,,,,,
1/23/13,"19,404",,,,,,,,,,
1/24/13,"20,721",,,,,,,,,,
1/25/13,"20,178",,,,,,,,,,
1/26/13,"14,595",,,,,,,,,,
1/27/13,"13,689",,,,,,,,,,
1/28/13,"18,689",,,,,,,,,,
1/29/13,"21,268",,,,,,,,,,
1/30/13,"23,415",,,,,,,,,,
1/31/13,"21,957",,,,,,,,,,
2/1/13,"18,081",,,,,,,,,,
2/2/13,"15,757",,,,,,,,,,
2/3/13,"13,572",,,,,,,,,,
2/4/13,"23,017",,,,,,,,,,
2/5/13,"21,177",,,,,,,,,,
2/6/13,"20,664",,,,,,,,,,
2/7/13,"20,852",,,,,,,,,,
2/8/13,"20,571",,,,,,,,,,
2/9/13,"11,274",,,,,,,,,,
2/10/13,"4,901",,,,,,,,,,
2/11/13,"13,468",,,,,,,,,,
2/12/13,"20,342",,,,,,,,,,
2/13/13,"21,051",,,,,,,,,,
2/14/13,"21,034",,,,,,,,,,
2/15/13,"22,952",,,,,,,,,,
2/16/13,"19,072",,,,,,,,,,
2/17/13,"19,044",,,,,,,,,,
2/18/13,"22,724",,,,,,,,,,
2/19/13,"24,525",,,,,,,,,,
2/20/13,"20,938",,,,,,,,,,
2/21/13,"19,757",,,,,,,,,,
2/22/13,"18,313",,,,,,,,,,
2/23/13,"11,234",,,,,,,,,,
2/24/13,"9,404",,,,,,,,,,
2/25/13,"19,800",,,,,,,,,,
2/26/13,"19,595",,,,,,,,,,
2/27/13,"21,484",,,,,,,,,,
2/28/13,"21,985",,,,,,,,,,
3/1/13,"19,487",,,,,,,,,,
3/2/13,"15,265",,,,,,,,,,
3/3/13,"14,520",,,,,,,,,,
3/4/13,"23,036",,,,,,,,,,
3/5/13,"27,054",,,,,,,,,,
3/6/13,"24,324",,,,,,,,,,
3/7/13,"17,322",,,,,,,,,,
3/8/13,"13,843",,,,,,,,,,
3/9/13,"14,244",,,,,,,,,,
3/10/13,"10,163",,,,,,,,,,
3/11/13,"16,546",,,,,,,,,,
3/12/13,"18,794",,,,,,,,,,
3/13/13,"20,245",,,,,,,,,,
3/14/13,"21,984",,,,,,,,,,
3/15/13,"17,159",,,,,,,,,,
3/16/13,"9,190",,,,,,,,,,
3/17/13,"7,940",,,,,,,,,,
3/18/13,"15,852",,,,,,,,,,
3/19/13,"22,479",,,,,,,,,,
3/20/13,"22,216",,,,,,,,,,
3/21/13,"22,061",,,,,,,,,,
3/22/13,"16,233",,,,,,,,,,
3/23/13,"5,249",,,,,,,,,,
3/24/13,"6,786",,,,,,,,,,
3/25/13,"17,290",,,,,,,,,,
3/26/13,"18,384",,,,,,,,,,
3/27/13,"19,184",,,,,,,,,,
3/28/13,"18,052",,,,,,,,,,
3/29/13,"10,909",,,,,,,,,,
3/30/13,"9,793",,,,,,,,,,
3/31/13,"9,007",,,,,,,,,,
4/1/13,"9,421",,,,,,,,,,
4/2/13,"19,148",,,,,,,,,,
4/3/13,"17,801",,,,,,,,,,
4/4/13,"15,626",,,,,,,,,,
4/5/13,"18,059",,,,,,,,,,
4/6/13,"18,216",,,,,,,,,,
4/7/13,"18,090",,,,,,,,,,
4/8/13,"21,797",,,,,,,,,,
4/9/13,"17,555",,,,,,,,,,
4/10/13,"22,233",,,,,,,,,,
4/11/13,"19,240",,,,,,,,,,
4/12/13,"15,100",,,,,,,,,,
4/13/13,"11,291",,,,,,,,,,
4/14/13,"25,074",,,,,,,,,,
4/15/13,"24,923",,,,,,,,,,
4/16/13,"26,060",,,,,,,,,,
4/17/13,"25,730",,,,,,,,,,
4/18/13,"23,979",,,,,,,,,,
4/19/13,"24,297",,,,,,,,,,
4/20/13,"26,724",,,,,,,,,,
4/21/13,"22,466",,,,,,,,,,
4/22/13,"25,384",,,,,,,,,,
4/23/13,"31,359",,,,,,,,,,
4/24/13,"30,193",,,,,,,,,,
4/25/13,"32,000",,,,,,,,,,
4/26/13,"23,125",,,,,,,,,,
4/27/13,"17,337",,,,,,,,,,
4/28/13,"19,139",,,,,,,,,,
4/29/13,"27,644",,,,,,,,,,
4/30/13,"29,219",,,,,,,,,,
5/1/13,"31,175",,,,,,,,,,
5/2/13,"31,239",,,,,,,,,,
5/3/13,"31,340",,,,,,,,,,
5/4/13,"19,156",,,,,,,,,,
5/5/13,"24,342",,,,,,,,,,
5/6/13,"29,015",,,,,,,,,,
5/7/13,"30,707",,,,,,,,,,
5/8/13,"26,032",,,,,,,,,,
5/9/13,"24,250",,,,,,,,,,
5/10/13,"26,399",,,,,,,,,,
5/11/13,"16,627",,,,,,,,,,
5/12/13,"15,918",,,,,,,,,,
5/13/13,"24,836",,,,,,,,,,
5/14/13,"18,054",,,,,,,,,,
5/15/13,"24,015",,,,,,,,,,
5/16/13,"26,070",,,,,,,,,,
5/17/13,"24,932",,,,,,,,,,
5/18/13,"22,272",,,,,,,,,,
5/19/13,"23,994",,,,,,,,,,
5/20/13,"25,914",,,,,,,,,,
5/21/13,"27,649",,,,,,,,,,
5/22/13,"26,967",,,,,,,,,,
5/23/13,"24,701",,,,,,,,,,
5/24/13,"12,891",,,,,,,,,,
5/25/13,"21,087",,,,,,,,,,
5/26/13,"27,251",,,,,,,,,,
5/27/13,"25,819",,,,,,,,,,
5/28/13,"14,556",,,,,,,,,,
5/29/13,"21,440",,,,,,,,,,
5/30/13,"22,150",,,,,,,,,,
5/31/13,"29,136",,,,,,,,,,
6/1/13,"24,782",,,,,,,,,,
6/2/13,"27,202",,,,,,,,,,
6/3/13,"29,940",,,,,,,,,,
6/4/13,"32,397",,,,,,,,,,
6/5/13,"32,488",,,,,,,,,,
6/6/13,"32,829",,,,,,,,,,
6/7/13,"28,762",,,,,,,,,,
6/8/13,"27,264",,,,,,,,,,
6/9/13,"19,429",,,,,,,,,,
6/10/13,"27,336",,,,,,,,,,
6/11/13,"26,601",,,,,,,,,,
6/12/13,"24,401",,,,,,,,,,
6/13/13,"26,388",,,,,,,,,,
6/14/13,"28,797",,,,,,,,,,
6/15/13,"16,020",,,,,,,,,,
6/16/13,"19,970",,,,,,,,,,
6/17/13,"28,611",,,,,,,,,,
6/18/13,"30,871",,,,,,,,,,
6/19/13,"31,899",,,,,,,,,,
6/20/13,"29,959",,,,,,,,,,
6/21/13,"28,844",,,,,,,,,,
6/22/13,"19,483",,,,,,,,,,
6/23/13,"19,006",,,,,,,,,,
6/24/13,"27,636",,,,,,,,,,
6/25/13,"31,889",,,,,,,,,,
6/26/13,"31,156",,,,,,,,,,
6/27/13,"27,306",,,,,,,,,,
6/28/13,"22,074",,,,,,,,,,
6/29/13,"29,054",,,,,,,,,,
6/30/13,"31,237",,,,,,,,,,
7/1/13,"31,151",,,,,,,,,,
7/2/13,"30,163",,,,,,,,,,
7/3/13,"30,780",,,,,,,,,,
7/4/13,"32,941",,,,,,,,,,
7/5/13,"34,704",,,,,,,,,,
7/6/13,"34,191",,,,,,,,,,
7/7/13,"31,363",,,,,,,,,,
7/8/13,"34,263",,,,,,,,,,
7/9/13,"35,519",,,,,,,,,,
7/10/13,"33,629",,,,,,,,,,
7/11/13,"33,792",,,,,,,,,,
7/12/13,"33,173",,,,,,,,,,
7/13/13,"33,509",,,,,,,,,,
7/14/13,"32,169",,,,,,,,,,
7/15/13,"34,419",,,,,,,,,,
7/16/13,"35,580",,,,,,,,,,
7/17/13,"35,203",,,,,,,,,,
7/18/13,"35,330",,,,,,,,,,
7/19/13,"35,196",,,,,,,,,,
7/20/13,"28,332",,,,,,,,,,
7/21/13,"30,075",,,,,,,,,,
7/22/13,"33,176",,,,,,,,,,
7/23/13,"31,624",,,,,,,,,,
7/24/13,"34,038",,,,,,,,,,
7/25/13,"33,683",,,,,,,,,,
7/26/13,"34,681",,,,,,,,,,
7/27/13,"25,761",,,,,,,,,,
7/28/13,"28,177",,,,,,,,,,
7/29/13,"30,415",,,,,,,,,,
7/30/13,"22,742",,,,,,,,,,
7/31/13,"28,976",,,,,,,,,,
8/1/13,"34,770",,,,,,,,,,
8/2/13,"29,109",,,,,,,,,,
8/3/13,"34,928",,,,,,,,,,
8/4/13,"32,580",,,,,,,,,,
8/5/13,"23,864",,,,,,,,,,
8/6/13,"33,631",,,,,,,,,,
8/7/13,"33,084",,,,,,,,,,
8/8/13,"33,737",,,,,,,,,,
8/9/13,"28,206",,,,,,,,,,
8/10/13,"28,830",,,,,,,,,,
8/11/13,"29,530",,,,,,,,,,
8/12/13,"30,425",,,,,,,,,,
8/13/13,"30,933",,,,,,,,,,
8/14/13,"31,412",,,,,,,,,,
8/15/13,"30,865",,,,,,,,,,
8/16/13,"25,555",,,,,,,,,,
8/17/13,"23,931",,,,,,,,,,
8/18/13,"26,910",,,,,,,,,,
8/19/13,"31,183",,,,,,,,,,
8/20/13,"33,578",,,,,,,,,,
8/21/13,"33,214",,,,,,,,,,
8/22/13,"22,363",,,,,,,,,,
8/23/13,"30,665",,,,,,,,,,
8/24/13,"7,341",,,,,,,,,,
8/25/13,"21,638",,,,,,,,,,
8/26/13,"27,802",,,,,,,,,,
8/27/13,"29,563",,,,,,,,,,
8/28/13,"32,024",,,,,,,,,,
8/29/13,"31,639",,,,,,,,,,
8/30/13,"31,127",,,,,,,,,,
8/31/13,"29,718",,,,,,,,,,
9/1/13,"23,856",,,,,,,,,,
9/2/13,"31,292",,,,,,,,,,
9/3/13,"31,600",,,,,,,,,,
9/4/13,"33,406",,,,,,,,,,
9/5/13,"33,574",,,,,,,,,,
9/6/13,"20,930",,,,,,,,,,
9/7/13,"21,279",,,,,,,,,,
9/8/13,"18,046",,,,,,,,,,
9/9/13,"17,943",,,,,,,,,,
9/10/13,"24,558",,,,,,,,,,
9/11/13,"23,386",,,,,,,,,,
9/12/13,"24,246",,,,,,,,,,
9/13/13,"15,392",,,,,,,,,,
9/14/13,"12,977",,,,,,,,,,
9/15/13,"4,826",,,,,,,,,,
9/16/13,"21,892",,,,,,,,,,
9/17/13,"18,428",,,,,,,,,,
9/18/13,"25,319",,,,,,,,,,
9/19/13,"18,746",,,,,,,,,,
9/20/13,"26,196",,,,,,,,,,
9/21/13,"21,988",,,,,,,,,,
9/22/13,"22,683",,,,,,,,,,
9/23/13,"26,625",,,,,,,,,,
9/24/13,"28,666",,,,,,,,,,
9/25/13,"28,183",,,,,,,,,,
9/26/13,"28,857",,,,,,,,,,
9/27/13,"27,371",,,,,,,,,,
9/28/13,"21,716",,,,,,,,,,
9/29/13,"20,654",,,,,,,,,,
9/30/13,"27,089",,,,,,,,,,
10/1/13,"27,711",,,,,,,,,,
10/2/13,"26,467",,,,,,,,,,
10/3/13,"25,153",,,,,,,,,,
10/4/13,"26,522",,,,,,,,,,
10/5/13,"22,996",,,,,,,,,,
10/6/13,"25,143",,,,,,,,,,
10/7/13,"26,680",,,,,,,,,,
10/8/13,"27,598",,,,,,,,,,
10/9/13,"26,433",,,,,,,,,,
10/10/13,"23,497",,,,,,,,,,
10/11/13,"15,640",,,,,,,,,,
10/12/13,"17,068",,,,,,,,,,
10/13/13,"7,068",,,,,,,,,,
10/14/13,"18,979",,,,,,,,,,
10/15/13,"24,657",,,,,,,,,,
10/16/13,"20,562",,,,,,,,,,
10/17/13,"25,170",,,,,,,,,,
10/18/13,"24,880",,,,,,,,,,
10/19/13,"17,430",,,,,,,,,,
10/20/13,"11,396",,,,,,,,,,
10/21/13,"21,385",,,,,,,,,,
10/22/13,"22,316",,,,,,,,,,
10/23/13,"24,178",,,,,,,,,,
10/24/13,"26,399",,,,,,,,,,
10/25/13,"23,677",,,,,,,,,,
10/26/13,"16,986",,,,,,,,,,
10/27/13,"15,652",,,,,,,,,,
10/28/13,"14,577",,,,,,,,,,
10/29/13,"23,126",,,,,,,,,,
10/30/13,"24,753",,,,,,,,,,
10/31/13,"20,055",,,,,,,,,,
11/1/13,"20,597",,,,,,,,,,
11/2/13,"15,347",,,,,,,,,,
11/3/13,"13,063",,,,,,,,,,
11/4/13,"20,369",,,,,,,,,,
11/5/13,"19,326",,,,,,,,,,
11/6/13,"18,431",,,,,,,,,,
11/7/13,"22,527",,,,,,,,,,
11/8/13,"15,188",,,,,,,,,,
11/9/13,"6,772",,,,,,,,,,
11/10/13,"9,767",,,,,,,,,,
11/11/13,"14,377",,,,,,,,,,
11/12/13,"19,572",,,,,,,,,,
11/13/13,"22,021",,,,,,,,,,
11/14/13,"21,061",,,,,,,,,,
11/15/13,"20,850",,,,,,,,,,
11/16/13,"15,029",,,,,,,,,,
11/17/13,"12,340",,,,,,,,,,
11/18/13,"18,491",,,,,,,,,,
11/19/13,"20,335",,,,,,,,,,
11/20/13,"14,115",,,,,,,,,,
11/21/13,"18,668",,,,,,,,,,
11/22/13,"18,789",,,,,,,,,,
11/23/13,"13,276",,,,,,,,,,
11/24/13,"10,505",,,,,,,,,,
11/25/13,"19,201",,,,,,,,,,
11/26/13,"20,486",,,,,,,,,,
11/27/13,"20,274",,,,,,,,,,
11/28/13,"20,649",,,,,,,,,,
11/29/13,"19,397",,,,,,,,,,
11/30/13,"13,323",,,,,,,,,,
12/1/13,"11,711",,,,,,,,,,
12/2/13,"19,630",,,,,,,,,,
12/3/13,"20,242",,,,,,,,,,
12/4/13,"20,035",,,,,,,,,,
12/5/13,"18,326",,,,,,,,,,
12/6/13,"18,494",,,,,,,,,,
12/7/13,"13,625",,,,,,,,,,
12/8/13,"13,076",,,,,,,,,,
12/9/13,"19,969",,,,,,,,,,
12/10/13,"20,432",,,,,,,,,,
12/11/13,"19,123",,,,,,,,,,
12/12/13,"19,420",,,,,,,,,,
12/13/13,"16,921",,,,,,,,,,
12/14/13,"14,049",,,,,,,,,,
12/15/13,"8,557",,,,,,,,,,
12/16/13,"13,825",,,,,,,,,,
12/17/13,"15,689",,,,,,,,,,
12/18/13,"17,311",,,,,,,,,,
12/19/13,"17,738",,,,,,,,,,
12/20/13,"18,046",,,,,,,,,,
12/21/13,"5,774",,,,,,,,,,
12/22/13,"9,233",,,,,,,,,,
12/23/13,"6,246",,,,,,,,,,
12/24/13,"6,201",,,,,,,,,,
12/25/13,"27,715",,,,,,,,,,
12/26/13,"7,666",,,,,,,,,,
12/27/13,"7,258",,,,,,,,,,
12/28/13,"10,533",,,,,,,,,,
12/29/13,"10,983",,,,,,,,,,
12/30/13,"8,413",,,,,,,,,,
12/31/13,"7,701",,,,,,,,,,
1/1/14,"4,327",,,,,,,,,,
1/2/14,"15,820",,,,,,,,,,
1/3/14,"11,636",,,,,,,,,,
1/4/14,"6,918",,,,,,,,,,
1/5/14,"9,145",,,,,,,,,,
1/6/14,"13,066",,,,,,,,,,
1/7/14,"17,420",,,,,,,,,,
1/8/14,"19,770",,,,,,,,,,
1/9/14,"19,143",,,,,,,,,,
1/10/14,"18,840",,,,,,,,,,
1/11/14,"15,723",,,,,,,,,,
1/12/14,"11,975",,,,,,,,,,
1/13/14,"17,721",,,,,,,,,,
1/14/14,"20,740",,,,,,,,,,
1/15/14,"19,243",,,,,,,,,,
1/16/14,"18,861",,,,,,,,,,
1/17/14,"17,434",,,,,,,,,,
1/18/14,"15,333",,,,,,,,,,
1/19/14,"16,083",,,,,,,,,,
1/20/14,"21,218",,,,,,,,,,
1/21/14,"21,756",,,,,,,,,,
1/22/14,"21,072",,,,,,,,,,
1/23/14,"20,020",,,,,,,,,,
1/24/14,"19,272",,,,,,,,,,
1/25/14,"14,581",,,,,,,,,,
1/26/14,"7,033",,,,,,,,,,
1/27/14,"18,285",,,,,,,,,,
1/28/14,"19,939",,,,,,,,,,
1/29/14,"10,585",,,,,,,,,,
1/30/14,"17,052",,,,,,,,,,
1/31/14,"13,859",,,,,,,,,,
2/1/14,"13,981",,,,,,,,,,
2/2/14,"15,924",,,,,,,,,,
2/3/14,"20,370",,,,,,,,,,
2/4/14,"21,217",,,,,,,,,,
2/5/14,"29,418",,,,,,,,,,
2/6/14,"25,395",,,,,,,,,,
2/7/14,"19,857",,,,,,,,,,
2/8/14,"10,928",,,,,,,,,,
2/9/14,"11,657",,,,,,,,,,
2/10/14,"19,278",,,,,,,,,,
2/11/14,"18,514",,,,,,,,,,
2/12/14,"18,000",,,,,,,,,,
2/13/14,"20,954",,,,,,,,,,
2/14/14,"12,794",,,,,,,,,,
2/15/14,"11,208",,,,,,,,,,
2/16/14,"18,484",,,,,,,,,,
2/17/14,"19,013",,,,,,,,,,
2/18/14,"19,484",,,,,,,,,,
2/19/14,"21,556",,,,,,,,,,
2/20/14,"19,396",,,,,,,,,,
2/21/14,"21,269",,,,,,,,,,
2/22/14,"20,033",,,,,,,,,,
2/23/14,"13,680",,,,,,,,,,
2/24/14,"21,469",,,,,,,,,,
2/25/14,"20,713",,,,,,,,,,
2/26/14,"23,938",,,,,,,,,,
2/27/14,"20,629",,,,,,,,,,
2/28/14,"13,781",,,,,,,,,,
3/1/14,"18,823",,,,,,,,,,
3/2/14,"11,727",,,,,,,,,,
3/3/14,"18,150",,,,,,,,,,
3/4/14,"23,069",,,,,,,,,,
3/5/14,"25,102",,,,,,,,,,
3/6/14,"24,696",,,,,,,,,,
3/7/14,"24,385",,,,,,,,,,
3/8/14,"25,556",,,,,,,,,,
3/9/14,"33,955",,,,,,,,,,
3/10/14,"24,347",,,,,,,,,,
3/11/14,"23,871",,,,,,,,,,
3/12/14,"27,173",,,,,,,,,,
3/13/14,"27,552",,,,,,,,,,
3/14/14,"28,134",,,,,,,,,,
3/15/14,"29,664",,,,,,,,,,
3/16/14,"34,421",,,,,,,,,,
3/17/14,"26,465",,,,,,,,,,
3/18/14,"25,502",,,,,,,,,,
3/19/14,"26,719",,,,,,,,,,
3/20/14,"23,718",,,,,,,,,,
3/21/14,"23,821",,,,,,,,,,
3/22/14,"19,091",,,,,,,,,,
3/23/14,"17,463",,,,,,,,,,
3/24/14,"24,055",,,,,,,,,,
3/25/14,"19,421",,,,,,,,,,
3/26/14,"20,493",,,,,,,,,,
3/27/14,"23,462",,,,,,,,,,
3/28/14,"24,198",,,,,,,,,,
3/29/14,"29,511",,,,,,,,,,
3/30/14,"26,605",,,,,,,,,,
3/31/14,"26,715",,,,,,,,,,
4/1/14,"29,782",,,,,,,,,,
4/2/14,"28,876",,,,,,,,,,
4/3/14,"28,245",,,,,,,,,,
4/4/14,"27,401",,,,,,,,,,
4/5/14,"25,648",,,,,,,,,,
4/6/14,"16,387",,,,,,,,,,
4/7/14,"18,883",,,,,,,,,,
4/8/14,"26,654",,,,,,,,,,
4/9/14,"29,621",,,,,,,,,,
4/10/14,"29,229",,,,,,,,,,
4/11/14,"28,435",,,,,,,,,,
4/12/14,"25,706",,,,,,,,,,
4/13/14,"31,404",,,,,,,,,,
4/14/14,"28,742",,,,,,,,,,
4/15/14,"30,031",,,,,,,,,,
4/16/14,"30,934",,,,,,,,,,
4/17/14,"27,676",,,,,,,,,,
4/18/14,"22,152",,,,,,,,,,
4/19/14,"21,424",,,,,,,,,,
4/20/14,"7,188",,,,,,,,,,
4/21/14,"20,532",,,,,,,,,,
4/22/14,"22,689",,,,,,,,,,
4/23/14,"27,102",,,,,,,,,,
4/24/14,"29,119",,,,,,,,,,
4/25/14,"20,400",,,,,,,,,,
4/26/14,"25,195",,,,,,,,,,
4/27/14,"21,284",,,,,,,,,,
4/28/14,"29,474",,,,,,,,,,
4/29/14,"46,333",,,,,,,,,,
4/30/14,"49,025",,,,,,,,,,
5/1/14,"16,644",,,,,,,,,,
5/2/14,"26,510",,,,,,,,,,
5/3/14,"31,534",,,,,,,,,,
5/4/14,"33,030",,,,,,,,,,
5/5/14,"33,748",,,,,,,,,,
5/6/14,"32,323",,,,,,,,,,
5/7/14,"28,802",,,,,,,,,,
5/8/14,"19,398",,,,,,,,,,
5/9/14,"30,131",,,,,,,,,,
5/10/14,"19,373",,,,,,,,,,
5/11/14,"17,645",,,,,,,,,,
5/12/14,"26,149",,,,,,,,,,
5/13/14,"25,351",,,,,,,,,,
5/14/14,"34,122",,,,,,,,,,
5/15/14,"35,148",,,,,,,,,,
5/16/14,"36,268",,,,,,,,,,
5/17/14,"38,147",,,,,,,,,,
5/18/14,"43,663",,,,,,,,,,
5/19/14,"37,088",,,,,,,,,,
5/20/14,"33,626",,,,,,,,,,
5/21/14,"34,437",,,,,,,,,,
5/22/14,"30,819",,,,,,,,,,
5/23/14,"30,556",,,,,,,,,,
5/24/14,"18,723",,,,,,,,,,
5/25/14,"33,401",,,,,,,,,,
5/26/14,"12,049",,,,,,,,,,
5/27/14,"14,446",,,,,,,,,,
5/28/14,"21,978",,,,,,,,,,
5/29/14,"29,229",,,,,,,,,,
5/30/14,"31,331",,,,,,,,,,
5/31/14,"35,040",,,,,,,,,,
6/1/14,"36,655",,,,,,,,,,
6/2/14,"33,481",,,,,,,,,,
6/3/14,"29,332",,,,,,,,,,
6/4/14,"25,905",,,,,,,,,,
6/5/14,"34,617",,,,,,,,,,
6/6/14,"37,440",,,,,,,,,,
6/7/14,"29,919",,,,,,,,,,
6/8/14,"44,415",,,,,,,,,,
6/9/14,"34,305",,,,,,,,,,
6/10/14,"40,128",,,,,,,,,,
6/11/14,"39,582",,,,,,,,,,
6/12/14,"39,928",,,,,,,,,,
6/13/14,"40,036",,,,,,,,,,
6/14/14,"32,758",,,,,,,,,,
6/15/14,"28,944",,,,,,,,,,
6/16/14,"31,592",,,,,,,,,,
6/17/14,"37,658",,,,,,,,,,
6/18/14,"35,431",,,,,,,,,,
6/19/14,"36,113",,,,,,,,,,
6/20/14,"36,924",,,,,,,,,,
6/21/14,"42,463",,,,,,,,,,
6/22/14,"41,596",,,,,,,,,,
6/23/14,"35,206",,,,,,,,,,
6/24/14,"38,066",,,,,,,,,,
6/25/14,"39,623",,,,,,,,,,
6/26/14,"35,438",,,,,,,,,,
6/27/14,"35,912",,,,,,,,,,
6/28/14,"20,199",,,,,,,,,,
6/29/14,"26,714",,,,,,,,,,
6/30/14,"32,193",,,,,,,,,,
7/1/14,"39,495",,,,,,,,,,
7/2/14,"40,878",,,,,,,,,,
7/3/14,"43,116",,,,,,,,,,
7/4/14,"38,316",,,,,,,,,,
7/5/14,"27,332",,,,,,,,,,
7/6/14,"31,117",,,,,,,,,,
7/7/14,"36,191",,,,,,,,,,
7/8/14,"35,107",,,,,,,,,,
7/9/14,"38,844",,,,,,,,,,
7/10/14,"32,108",,,,,,,,,,
7/11/14,"27,618",,,,,,,,,,
7/12/14,"38,331",,,,,,,,,,
7/13/14,"33,227",,,,,,,,,,
7/14/14,"38,450",,,,,,,,,,
7/15/14,"40,888",,,,,,,,,,
7/16/14,"42,341",,,,,,,,,,
7/17/14,"42,404",,,,,,,,,,
7/18/14,"40,543",,,,,,,,,,
7/19/14,"37,061",,,,,,,,,,
7/20/14,"34,379",,,,,,,,,,
7/21/14,"38,499",,,,,,,,,,
7/22/14,"42,928",,,,,,,,,,
7/23/14,"42,486",,,,,,,,,,
7/24/14,"42,412",,,,,,,,,,
7/25/14,"31,881",,,,,,,,,,
7/26/14,"43,788",,,,,,,,,,
7/27/14,"39,917",,,,,,,,,,
7/28/14,"36,203",,,,,,,,,,
7/29/14,"42,308",,,,,,,,,,
7/30/14,"43,044",,,,,,,,,,
7/31/14,"41,970",,,,,,,,,,
8/1/14,"40,009",,,,,,,,,,
8/2/14,"38,046",,,,,,,,,,
8/3/14,"41,944",,,,,,,,,,
8/4/14,"39,856",,,,,,,,,,
8/5/14,"40,716",,,,,,,,,,
8/6/14,"38,665",,,,,,,,,,
8/7/14,"42,491",,,,,,,,,,
8/8/14,"34,234",,,,,,,,,,
8/9/14,"47,454",,,,,,,,,,
8/10/14,"23,980",,,,,,,,,,
8/11/14,"31,725",,,,,,,,,,
8/12/14,"34,827",,,,,,,,,,
8/13/14,"37,856",,,,,,,,,,
8/14/14,"27,185",,,,,,,,,,
8/15/14,"32,510",,,,,,,,,,
8/16/14,"47,245",,,,,,,,,,
8/17/14,"39,952",,,,,,,,,,
8/18/14,"30,784",,,,,,,,,,
8/19/14,"35,332",,,,,,,,,,
8/20/14,"36,817",,,,,,,,,,
8/21/14,"33,236",,,,,,,,,,
8/22/14,"34,047",,,,,,,,,,
8/23/14,"29,999",,,,,,,,,,
8/24/14,"30,962",,,,,,,,,,
8/25/14,"6,175",,,,,,,,,,
8/26/14,"18,448",,,,,,,,,,
8/27/14,"32,286",,,,,,,,,,
8/28/14,"31,842",,,,,,,,,,
8/29/14,"32,439",,,,,,,,,,
8/30/14,"30,832",,,,,,,,,,
8/31/14,"33,312",,,,,,,,,,
9/1/14,"27,455",,,,,,,,,,
9/2/14,"36,836",,,,,,,,,,
9/3/14,"36,523",,,,,,,,,,
9/4/14,"35,448",,,,,,,,,,
9/5/14,"35,013",,,,,,,,,,
9/6/14,"33,434",,,,,,,,,,
9/7/14,"34,248",,,,,,,,,,
9/8/14,"36,983",,,,,,,,,,
9/9/14,"37,674",,,,,,,,,,
9/10/14,"37,091",,,,,,,,,,
9/11/14,"35,303",,,,,,,,,,
9/12/14,"37,144",,,,,,,,,,
9/13/14,"34,174",,,,,,,,,,
9/14/14,"31,770",,,,,,,,,,
9/15/14,"36,629",,,,,,,,,,
9/16/14,"37,535",,,,,,,,,,
9/17/14,"38,583",,,,,,,,,,
9/18/14,"38,442",,,,,,,,,,
9/19/14,"36,841",,,,,,,,,,
9/20/14,"31,031",,,,,,,,,,
9/21/14,"33,334",,,,,,,,,,
9/22/14,"35,178",,,,,,,,,,
9/23/14,"36,460",,,,,,,,,,
9/24/14,"32,680",,,,,,,,,,
9/25/14,"35,367",,,,,,,,,,
9/26/14,"35,474",,,,,,,,,,
9/27/14,"35,087",,,,,,,,,,
9/28/14,"37,873",,,,,,,,,,
9/29/14,"31,701",,,,,,,,,,
9/30/14,"37,373",,,,,,,,,,
10/1/14,"32,733",,,,,,,,,,
10/2/14,"36,992",,,,,,,,,,
10/3/14,"37,909",,,,,,,,,,
10/4/14,"18,967",,,,,,,,,,
10/5/14,"33,082",,,,,,,,,,
10/6/14,"24,330",,,,,,,,,,
10/7/14,"31,465",,,,,,,,,,
10/8/14,"23,573",,,,,,,,,,
10/9/14,"26,642",,,,,,,,,,
10/10/14,"32,510",,,,,,,,,,
10/11/14,"30,498",,,,,,,,,,
10/12/14,"23,063",,,,,,,,,,
10/13/14,"13,299",,,,,,,,,,
10/14/14,"28,518",,,,,,,,,,
10/15/14,"25,424",,,,,,,,,,
10/16/14,"31,541",,,,,,,,,,
10/17/14,"32,770",,,,,,,,,,
10/18/14,"28,951",,,,,,,,,,
10/19/14,"30,480",,,,,,,,,,
10/20/14,"31,642",,,,,,,,,,
10/21/14,"24,681",,,,,,,,,,
10/22/14,"30,642",,,,,,,,,,
10/23/14,"31,277",,,,,,,,,,
10/24/14,"29,144",,,,,,,,,,
10/25/14,"30,053",,,,,,,,,,
10/26/14,"26,514",,,,,,,,,,
10/27/14,"33,716",,,,,,,,,,
10/28/14,"35,320",,,,,,,,,,
10/29/14,"23,281",,,,,,,,,,
10/30/14,"32,503",,,,,,,,,,
10/31/14,"36,478",,,,,,,,,,
11/1/14,"31,912",,,,,,,,,,
11/2/14,"15,887",,,,,,,,,,
11/3/14,"22,347",,,,,,,,,,
11/4/14,"23,525",,,,,,,,,,
11/5/14,"27,970",,,,,,,,,,
11/6/14,"28,274",,,,,,,,,,
11/7/14,"26,779",,,,,,,,,,
11/8/14,"17,473",,,,,,,,,,
11/9/14,"24,099",,,,,,,,,,
11/10/14,"28,303",,,,,,,,,,
11/11/14,"28,993",,,,,,,,,,
11/12/14,"24,878",,,,,,,,,,
11/13/14,"27,839",,,,,,,,,,
11/14/14,"21,442",,,,,,,,,,
11/15/14,"22,842",,,,,,,,,,
11/16/14,"17,849",,,,,,,,,,
11/17/14,"21,398",,,,,,,,,,
11/18/14,"26,094",,,,,,,,,,
11/19/14,"28,807",,,,,,,,,,
11/20/14,"29,068",,,,,,,,,,
11/21/14,"24,070",,,,,,,,,,
11/22/14,"18,347",,,,,,,,,,
11/23/14,"6,030",,,,,,,,,,
11/24/14,"25,884",,,,,,,,,,
11/25/14,"24,359",,,,,,,,,,
11/26/14,"23,096",,,,,,,,,,
11/27/14,"26,765",,,,,,,,,,
11/28/14,"26,782",,,,,,,,,,
11/29/14,"24,337",,,,,,,,,,
11/30/14,"19,998",,,,,,,,,,
12/1/14,"24,983",,,,,,,,,,
12/2/14,"21,614",,,,,,,,,,
12/3/14,"25,376",,,,,,,,,,
12/4/14,"19,993",,,,,,,,,,
12/5/14,"22,939",,,,,,,,,,
12/6/14,"17,431",,,,,,,,,,
12/7/14,"12,789",,,,,,,,,,
12/8/14,"23,519",,,,,,,,,,
12/9/14,"23,925",,,,,,,,,,
12/10/14,"25,028",,,,,,,,,,
12/11/14,"23,028",,,,,,,,,,
12/12/14,"20,436",,,,,,,,,,
12/13/14,"18,255",,,,,,,,,,
12/14/14,"14,441",,,,,,,,,,
12/15/14,"22,940",,,,,,,,,,
12/16/14,"23,087",,,,,,,,,,
12/17/14,"22,120",,,,,,,,,,
12/18/14,"23,196",,,,,,,,,,
12/19/14,"21,966",,,,,,,,,,
12/20/14,"14,690",,,,,,,,,,
12/21/14,"11,802",,,,,,,,,,
12/22/14,"18,552",,,,,,,,,,
12/23/14,"16,551",,,,,,,,,,
12/24/14,"10,385",,,,,,,,,,
12/25/14,"39,145",,,,,,,,,,
12/26/14,"7,678",,,,,,,,,,
12/27/14,"6,349",,,,,,,,,,
12/28/14,"9,293",,,,,,,,,,
12/29/14,"12,411",,,,,,,,,,
12/30/14,"13,120",,,,,,,,,,
12/31/14,"12,811",,,,,,,,,,
1/1/15,"9,615",,,,,,,,,,
1/2/15,"15,389",,,,,,,,,,
1/3/15,"5,779",,,,,,,,,,
1/4/15,"9,367",,,,,,,,,,
1/5/15,"20,566",,,,,,,,,,
1/6/15,"20,765",,,,,,,,,,
1/7/15,"22,504",,,,,,,,,,
1/8/15,"15,769",,,,,,,,,,
1/9/15,"22,285",,,,,,,,,,
1/10/15,"14,877",,,,,,,,,,
1/11/15,"14,738",,,,,,,,,,
1/12/15,"17,354",,,,,,,,,,
1/13/15,"24,966",,,,,,,,,,
1/14/15,"23,767",,,,,,,,,,
1/15/15,"23,123",,,,,,,,,,
1/16/15,"22,894",,,,,,,,,,
1/17/15,"15,443",,,,,,,,,,
1/18/15,"13,373",,,,,,,,,,
1/19/15,"23,193",,,,,,,,,,
1/20/15,"23,384",,,,,,,,,,
1/21/15,"22,987",,,,,,,,,,
1/22/15,"23,432",,,,,,,,,,
1/23/15,"22,093",,,,,,,,,,
1/24/15,"17,748",,,,,,,,,,
1/25/15,"15,267",,,,,,,,,,
1/26/15,"22,867",,,,,,,,,,
1/27/15,"25,222",,,,,,,,,,
1/28/15,"21,685",,,,,,,,,,
1/29/15,"21,421",,,,,,,,,,
1/30/15,"21,405",,,,,,,,,,
1/31/15,"10,385",,,,,,,,,,
2/1/15,"11,420",,,,,,,,,,
2/2/15,"21,770",,,,,,,,,,
2/3/15,"20,028",,,,,,,,,,
2/4/15,"22,056",,,,,,,,,,
2/5/15,"21,396",,,,,,,,,,
2/6/15,"21,146",,,,,,,,,,
2/7/15,"13,324",,,,,,,,,,
2/8/15,"15,983",,,,,,,,,,
2/9/15,"24,078",,,,,,,,,,
2/10/15,"24,399",,,,,,,,,,
2/11/15,"23,870",,,,,,,,,,
2/12/15,"23,429",,,,,,,,,,
2/13/15,"17,836",,,,,,,,,,
2/14/15,"14,644",,,,,,,,,,
2/15/15,"17,253",,,,,,,,,,
2/16/15,"16,548",,,,,,,,,,
2/17/15,"25,288",,,,,,,,,,
2/18/15,"25,340",,,,,,,,,,
2/19/15,"17,081",,,,,,,,,,
2/20/15,"21,014",,,,,,,,,,
2/21/15,"16,490",,,,,,,,,,
2/22/15,"9,214",,,,,,,,,,
2/23/15,"21,857",,,,,,,,,,
2/24/15,"23,758",,,,,,,,,,
2/25/15,"21,708",,,,,,,,,,
2/26/15,"20,131",,,,,,,,,,
2/27/15,"24,540",,,,,,,,,,
2/28/15,"13,677",,,,,,,,,,
3/1/15,"15,817",,,,,,,,,,
3/2/15,"22,379",,,,,,,,,,
3/3/15,"24,001",,,,,,,,,,
3/4/15,"24,544",,,,,,,,,,
3/5/15,"24,959",,,,,,,,,,
3/6/15,"25,527",,,,,,,,,,
3/7/15,"27,754",,,,,,,,,,
3/8/15,"20,207",,,,,,,,,,
3/9/15,"24,230",,,,,,,,,,
3/10/15,"27,878",,,,,,,,,,
3/11/15,"27,610",,,,,,,,,,
3/12/15,"28,324",,,,,,,,,,
3/13/15,"25,840",,,,,,,,,,
3/14/15,"18,270",,,,,,,,,,
3/15/15,"10,744",,,,,,,,,,
3/16/15,"19,950",,,,,,,,,,
3/17/15,"25,956",,,,,,,,,,
3/18/15,"26,618",,,,,,,,,,
3/19/15,"24,241",,,,,,,,,,
3/20/15,"25,424",,,,,,,,,,
3/21/15,"16,304",,,,,,,,,,
3/22/15,"18,782",,,,,,,,,,
3/23/15,"25,741",,,,,,,,,,
3/24/15,"24,161",,,,,,,,,,
3/25/15,"25,779",,,,,,,,,,
3/26/15,"20,415",,,,,,,,,,
3/27/15,"26,567",,,,,,,,,,
3/28/15,"19,242",,,,,,,,,,
3/29/15,"8,987",,,,,,,,,,
3/30/15,"22,235",,,,,,,,,,
3/31/15,"22,898",,,,,,,,,,
4/1/15,"23,677",,,,,,,,,,
4/2/15,"22,818",,,,,,,,,,
4/3/15,"11,503",,,,,,,,,,
4/4/15,"13,828",,,,,,,,,,
4/5/15,"19,685",,,,,,,,,,
4/6/15,"25,724",,,,,,,,,,
4/7/15,"29,525",,,,,,,,,,
4/8/15,"30,882",,,,,,,,,,
4/9/15,"31,671",,,,,,,,,,
4/10/15,"32,299",,,,,,,,,,
4/11/15,"25,415",,,,,,,,,,
4/12/15,"29,457",,,,,,,,,,
4/13/15,"28,203",,,,,,,,,,
4/14/15,"34,830",,,,,,,,,,
4/15/15,"37,709",,,,,,,,,,
4/16/15,"30,656",,,,,,,,,,
4/17/15,"30,001",,,,,,,,,,
4/18/15,"29,846",,,,,,,,,,
4/19/15,"19,906",,,,,,,,,,
4/20/15,"32,163",,,,,,,,,,
4/21/15,"35,103",,,,,,,,,,
4/22/15,"32,559",,,,,,,,,,
4/23/15,"32,935",,,,,,,,,,
4/24/15,"32,332",,,,,,,,,,
4/25/15,"25,441",,,,,,,,,,
4/26/15,"19,565",,,,,,,,,,
4/27/15,"30,735",,,,,,,,,,
4/28/15,"32,024",,,,,,,,,,
4/29/15,"26,197",,,,,,,,,,
4/30/15,"31,854",,,,,,,,,,
5/1/15,"29,822",,,,,,,,,,
5/2/15,"22,474",,,,,,,,,,
5/3/15,"21,375",,,,,,,,,,
5/4/15,"26,933",,,,,,,,,,
5/5/15,"26,633",,,,,,,,,,
5/6/15,"24,556",,,,,,,,,,
5/7/15,"31,283",,,,,,,,,,
5/8/15,"27,029",,,,,,,,,,
5/9/15,"27,995",,,,,,,,,,
5/10/15,"32,399",,,,,,,,,,
5/11/15,"33,872",,,,,,,,,,
5/12/15,"33,930",,,,,,,,,,
5/13/15,"36,877",,,,,,,,,,
5/14/15,"15,657",,,,,,,,,,
5/15/15,"32,522",,,,,,,,,,
5/16/15,"32,720",,,,,,,,,,
5/17/15,"31,506",,,,,,,,,,
5/18/15,"24,385",,,,,,,,,,
5/19/15,"28,408",,,,,,,,,,
5/20/15,"30,650",,,,,,,,,,
5/21/15,"34,922",,,,,,,,,,
5/22/15,"33,624",,,,,,,,,,
5/23/15,"23,989",,,,,,,,,,
5/24/15,"30,267",,,,,,,,,,
5/25/15,"29,607",,,,,,,,,,
5/26/15,"34,880",,,,,,,,,,
5/27/15,"36,496",,,,,,,,,,
5/28/15,"34,496",,,,,,,,,,
5/29/15,"26,155",,,,,,,,,,
5/30/15,"29,432",,,,,,,,,,
5/31/15,"15,075",,,,,,,,,,
6/1/15,"27,893",,,,,,,,,,
6/2/15,"28,070",,,,,,,,,,
6/3/15,"35,630",,,,,,,,,,
6/4/15,"39,687",,,,,,,,,,
6/5/15,"35,048",,,,,,,,,,
6/6/15,"33,088",,,,,,,,,,
6/7/15,"35,757",,,,,,,,,,
6/8/15,"32,745",,,,,,,,,,
6/9/15,"33,447",,,,,,,,,,
6/10/15,"35,862",,,,,,,,,,
6/11/15,"38,969",,,,,,,,,,
6/12/15,"35,367",,,,,,,,,,
6/13/15,"30,566",,,,,,,,,,
6/14/15,"25,402",,,,,,,,,,
6/15/15,"34,723",,,,,,,,,,
6/16/15,"38,166",,,,,,,,,,
6/17/15,"38,799",,,,,,,,,,
6/18/15,"38,875",,,,,,,,,,
6/19/15,"36,220",,,,,,,,,,
6/20/15,"26,546",,,,,,,,,,
6/21/15,"30,621",,,,,,,,,,
6/22/15,"29,711",,,,,,,,,,
6/23/15,"37,663",,,,,,,,,,
6/24/15,"39,183",,,,,,,,,,
6/25/15,"38,856",,,,,,,,,,
6/26/15,"37,281",,,,,,,,,,
6/27/15,"36,885",,,,,,,,,,
6/28/15,"25,846",,,,,,,,,,
6/29/15,"39,280",,,,,,,,,,
6/30/15,"43,582",,,,,,,,,,
7/1/15,"42,891",,,,,,,,,,
7/2/15,"38,467",,,,,,,,,,
7/3/15,"39,940",,,,,,,,,,
7/4/15,"38,640",,,,,,,,,,
7/5/15,"29,963",,,,,,,,,,
7/6/15,"38,895",,,,,,,,,,
7/7/15,"38,120",,,,,,,,,,
7/8/15,"41,921",,,,,,,,,,
7/9/15,"73,094",,,,,,,,,,
7/10/15,"43,266",,,,,,,,,,
7/11/15,"42,676",,,,,,,,,,
7/12/15,"23,498",,,,,,,,,,
7/13/15,"27,646",,,,,,,,,,
7/14/15,"35,600",,,,,,,,,,
7/15/15,"34,878",,,,,,,,,,
7/16/15,"39,609",,,,,,,,,,
7/17/15,"38,845",,,,,,,,,,
7/18/15,"38,906",,,,,,,,,,
7/19/15,"36,989",,,,,,,,,,
7/20/15,"32,140",,,,,,,,,,
7/21/15,"41,001",,,,,,,,,,
7/22/15,"38,133",,,,,,,,,,
7/23/15,"39,368",,,,,,,,,,
7/24/15,"16,135",,,,,,,,,,
7/25/15,"32,982",,,,,,,,,,
7/26/15,"12,497",,,,,,,,,,
7/27/15,"32,103",,,,,,,,,,
7/28/15,"36,310",,,,,,,,,,
7/29/15,"37,021",,,,,,,,,,
7/30/15,"36,350",,,,,,,,,,
7/31/15,"36,932",,,,,,,,,,
8/1/15,"43,492",,,,,,,,,,
8/2/15,"43,679",,,,,,,,,,
8/3/15,"35,609",,,,,,,,,,
8/4/15,"37,864",,,,,,,,,,
8/5/15,"39,010",,,,,,,,,,
8/6/15,"63,963",,,,,,,,,,
8/7/15,"39,788",,,,,,,,,,
8/8/15,"39,362",,,,,,,,,,
8/9/15,"40,758",,,,,,,,,,
8/10/15,"35,625",,,,,,,,,,
8/11/15,"34,567",,,,,,,,,,
8/12/15,"36,838",,,,,,,,,,
8/13/15,"26,185",,,,,,,,,,
8/14/15,"25,638",,,,,,,,,,
8/15/15,"34,137",,,,,,,,,,
8/16/15,"30,948",,,,,,,,,,
8/17/15,"36,003",,,,,,,,,,
8/18/15,"34,776",,,,,,,,,,
8/19/15,"31,903",,,,,,,,,,
8/20/15,"32,857",,,,,,,,,,
8/21/15,"36,329",,,,,,,,,,
8/22/15,"44,724",,,,,,,,,,
8/23/15,"27,202",,,,,,,,,,
8/24/15,"17,520",,,,,,,,,,
8/25/15,"28,401",,,,,,,,,,
8/26/15,"23,969",,,,,,,,,,
8/27/15,"30,856",,,,,,,,,,
8/28/15,"33,201",,,,,,,,,,
8/29/15,"22,828",,,,,,,,,,
8/30/15,"25,191",,,,,,,,,,
8/31/15,"9,709",,,,,,,,,,
9/1/15,"25,739",,,,,,,,,,
9/2/15,"30,313",,,,,,,,,,
9/3/15,"31,163",,,,,,,,,,
9/4/15,"29,913",,,,,,,,,,
9/5/15,"22,475",,,,,,,,,,
9/6/15,"29,539",,,,,,,,,,
9/7/15,"31,917",,,,,,,,,,
9/8/15,"32,968",,,,,,,,,,
9/9/15,"33,332",,,,,,,,,,
9/10/15,"35,956",,,,,,,,,,
9/11/15,"34,690",,,,,,,,,,
9/12/15,"29,143",,,,,,,,,,
9/13/15,"26,342",,,,,,,,,,
9/14/15,"25,923",,,,,,,,,,
9/15/15,"28,311",,,,,,,,,,
9/16/15,"18,764",,,,,,,,,,
9/17/15,"32,336",,,,,,,,,,
9/18/15,"30,124",,,,,,,,,,
9/19/15,"33,855",,,,,,,,,,
9/20/15,"31,380",,,,,,,,,,
9/21/15,"23,831",,,,,,,,,,
9/22/15,"20,567",,,,,,,,,,
9/23/15,"34,193",,,,,,,,,,
9/24/15,"29,537",,,,,,,,,,
9/25/15,"35,064",,,,,,,,,,
9/26/15,"32,955",,,,,,,,,,
9/27/15,"30,024",,,,,,,,,,
9/28/15,"33,341",,,,,,,,,,
9/29/15,"34,591",,,,,,,,,,
9/30/15,"35,143",,,,,,,,,,
10/1/15,"34,845",,,,,,,,,,
10/2/15,"35,782",,,,,,,,,,
10/3/15,"29,224",,,,,,,,,,
10/4/15,"30,096",,,,,,,,,,
10/5/15,"20,833",,,,,,,,,,
10/6/15,"25,972",,,,,,,,,,
10/7/15,"28,817",,,,,,,,,,
10/8/15,"33,877",,,,,,,,,,
10/9/15,"34,392",,,,,,,,,,
10/10/15,"29,683",,,,,,,,,,
10/11/15,"27,984",,,,,,,,,,
10/12/15,"31,469",,,,,,,,,,
10/13/15,"31,753",,,,,,,,,,
10/14/15,"30,815",,,,,,,,,,
10/15/15,"31,062",,,,,,,,,,
10/16/15,"30,295",,,,,,,,,,
10/17/15,"24,555",,,,,,,,,,
10/18/15,"23,282",,,,,,,,,,
10/19/15,"30,127",,,,,,,,,,
10/20/15,"32,949",,,,,,,,,,
10/21/15,"19,085",,,,,,,,,,
10/22/15,"30,539",,,,,,,,,,
10/23/15,"30,515",,,,,,,,,,
10/24/15,"17,058",,,,,,,,,,
10/25/15,"23,591",,,,,,,,,,
10/26/15,"30,606",,,,,,,,,,
10/27/15,"32,635",,,,,,,,,,
10/28/15,"24,040",,,,,,,,,,
10/29/15,"27,534",,,,,,,,,,
10/30/15,"24,195",,,,,,,,,,
10/31/15,"27,765",,,,,,,,,,
11/1/15,"23,085",,,,,,,,,,
11/2/15,"28,256",,,,,,,,,,
11/3/15,"30,911",,,,,,,,,,
11/4/15,"23,675",,,,,,,,,,
11/5/15,"24,685",,,,,,,,,,
11/6/15,"25,677",,,,,,,,,,
11/7/15,"15,031",,,,,,,,,,
11/8/15,"18,943",,,,,,,,,,
11/9/15,"28,623",,,,,,,,,,
11/10/15,"29,429",,,,,,,,,,
11/11/15,"30,049",,,,,,,,,,
11/12/15,"29,108",,,,,,,,,,
11/13/15,"25,410",,,,,,,,,,
11/14/15,"8,983",,,,,,,,,,
11/15/15,"17,711",,,,,,,,,,
11/16/15,"26,676",,,,,,,,,,
11/17/15,"23,773",,,,,,,,,,
11/18/15,"26,636",,,,,,,,,,
11/19/15,"23,852",,,,,,,,,,
11/20/15,"25,993",,,,,,,,,,
11/21/15,"12,847",,,,,,,,,,
11/22/15,"13,205",,,,,,,,,,
11/23/15,"24,070",,,,,,,,,,
11/24/15,"21,348",,,,,,,,,,
11/25/15,"26,187",,,,,,,,,,
11/26/15,"26,826",,,,,,,,,,
11/27/15,"23,667",,,,,,,,,,
11/28/15,"16,523",,,,,,,,,,
11/29/15,"11,453",,,,,,,,,,
11/30/15,"21,886",,,,,,,,,,
12/1/15,"26,714",,,,,,,,,,
12/2/15,"27,975",,,,,,,,,,
12/3/15,"26,038",,,,,,,,,,
12/4/15,"26,130",,,,,,,,,,
12/5/15,"16,667",,,,,,,,,,
12/6/15,"15,627",,,,,,,,,,
12/7/15,"25,897",,,,,,,,,,
12/8/15,"23,565",,,,,,,,,,
12/9/15,"27,739",,,,,,,,,,
12/10/15,"23,251",,,,,,,,,,
12/11/15,"23,439",,,,,,,,,,
12/12/15,"16,815",,,,,,,,,,
12/13/15,"12,364",,,,,,,,,,
12/14/15,"23,972",,,,,,,,,,
12/15/15,"20,310",,,,,,,,,,
12/16/15,"25,740",,,,,,,,,,
12/17/15,"25,977",,,,,,,,,,
12/18/15,"25,886",,,,,,,,,,
12/19/15,"18,883",,,,,,,,,,
12/20/15,"13,118",,,,,,,,,,
12/21/15,"18,239",,,,,,,,,,
12/22/15,"17,571",,,,,,,,,,
12/23/15,"18,568",,,,,,,,,,
12/24/15,"8,968",,,,,,,,,,
12/25/15,"22,871",,,,,,,,,,
12/26/15,"10,362",,,,,,,,,,
12/27/15,"9,507",,,,,,,,,,
12/28/15,"13,851",,,,,,,,,,
12/29/15,"15,717",,,,,,,,,,
12/30/15,"12,379",,,,,,,,,,
12/31/15,"14,024",,,,,,,,,,
1/1/16,"9,922",,,,,,,,,,
1/2/16,"7,246",,,,,,,,,,
1/3/16,"4,894",,,,,,,,,,
1/4/16,"20,644",,,,,,,,,,
1/5/16,"22,934",,,,,,,,,,
1/6/16,"23,199",,,,,,,,,,
1/7/16,"18,225",,,,,,,,,,
1/8/16,"20,948",,,,,,,,,,
1/9/16,"11,674",,,,,,,,,,
1/10/16,"14,447",,,,,,,,,,
1/11/16,"21,188",,,,,,,,,,
1/12/16,"22,924",,,,,,,,,,
1/13/16,"24,726",,,,,,,,,,
1/14/16,"22,266",,,,,,,,,,
1/15/16,"22,594",,,,,,,,,,
1/16/16,"16,258",,,,,,,,,,
1/17/16,"11,826",,,,,,,,,,
1/18/16,"22,905",,,,,,,,,,
1/19/16,"23,919",,,,,,,,,,
1/20/16,"23,919",,,,,,,,,,
1/21/16,"23,490",,,,,,,,,,
1/22/16,"18,431",,,,,,,,,,
1/23/16,"17,424",,,,,,,,,,
1/24/16,"16,474",,,,,,,,,,
1/25/16,"25,886",,,,,,,,,,
1/26/16,"20,329",,,,,,,,,,
1/27/16,"21,816",,,,,,,,,,
1/28/16,"25,490",,,,,,,,,,
1/29/16,"22,701",,,,,,,,,,
1/30/16,"16,528",,,,,,,,,,
1/31/16,"11,098",,,,,,,,,,
2/1/16,"23,742",,,,,,,,,,
2/2/16,"24,643",,,,,,,,,,
2/3/16,"24,601",,,,,,,,,,
2/4/16,"25,344",,,,,,,,,,
2/5/16,"22,806",,,,,,,,,,
2/6/16,"13,255",,,,,,,,,,
2/7/16,"14,219",,,,,,,,,,
2/8/16,"19,924",,,,,,,,,,
2/9/16,"23,460",,,,,,,,,,
2/10/16,"23,769",,,,,,,,,,
2/11/16,"25,393",,,,,,,,,,
2/12/16,"22,995",,,,,,,,,,
2/13/16,"9,948",,,,,,,,,,
2/14/16,"13,782",,,,,,,,,,
2/15/16,"21,918",,,,,,,,,,
2/16/16,"24,537",,,,,,,,,,
2/17/16,"19,168",,,,,,,,,,
2/18/16,"23,696",,,,,,,,,,
2/19/16,"22,300",,,,,,,,,,
2/20/16,"11,224",,,,,,,,,,
2/21/16,"14,745",,,,,,,,,,
2/22/16,"20,538",,,,,,,,,,
2/23/16,"25,832",,,,,,,,,,
2/24/16,"25,634",,,,,,,,,,
2/25/16,"24,296",,,,,,,,,,
2/26/16,"23,714",,,,,,,,,,
2/27/16,"14,871",,,,,,,,,,
2/28/16,"13,549",,,,,,,,,,
2/29/16,"23,738",,,,,,,,,,
3/1/16,"20,876",,,,,,,,,,
3/2/16,"20,775",,,,,,,,,,
3/3/16,"24,559",,,,,,,,,,
3/4/16,"24,179",,,,,,,,,,
3/5/16,"12,340",,,,,,,,,,
3/6/16,"12,591",,,,,,,,,,
3/7/16,"22,785",,,,,,,,,,
3/8/16,"23,308",,,,,,,,,,
3/9/16,"19,280",,,,,,,,,,
3/10/16,"23,648",,,,,,,,,,
3/11/16,"21,026",,,,,,,,,,
3/12/16,"21,834",,,,,,,,,,
3/13/16,"21,938",,,,,,,,,,
3/14/16,"25,597",,,,,,,,,,
3/15/16,"25,379",,,,,,,,,,
3/16/16,"25,489",,,,,,,,,,
3/17/16,"27,198",,,,,,,,,,
3/18/16,"23,210",,,,,,,,,,
3/19/16,"18,060",,,,,,,,,,
3/20/16,"17,163",,,,,,,,,,
3/21/16,"25,990",,,,,,,,,,
3/22/16,"29,312",,,,,,,,,,
3/23/16,"27,052",,,,,,,,,,
3/24/16,"19,477",,,,,,,,,,
3/25/16,"25,612",,,,,,,,,,
3/26/16,"11,211",,,,,,,,,,
3/27/16,"10,149",,,,,,,,,,
3/28/16,"10,316",,,,,,,,,,
3/29/16,"18,945",,,,,,,,,,
3/30/16,"26,700",,,,,,,,,,
3/31/16,"28,486",,,,,,,,,,
4/1/16,"27,310",,,,,,,,,,
4/2/16,"24,416",,,,,,,,,,
4/3/16,"21,068",,,,,,,,,,
4/4/16,"25,182",,,,,,,,,,
4/5/16,"30,155",,,,,,,,,,
4/6/16,"24,132",,,,,,,,,,
4/7/16,"22,338",,,,,,,,,,
4/8/16,"27,357",,,,,,,,,,
4/9/16,"19,858",,,,,,,,,,
4/10/16,"23,389",,,,,,,,,,
4/11/16,"24,162",,,,,,,,,,
4/12/16,"30,801",,,,,,,,,,
4/13/16,"30,285",,,,,,,,,,
4/14/16,"30,566",,,,,,,,,,
4/15/16,"15,919",,,,,,,,,,
4/16/16,"17,801",,,,,,,,,,
4/17/16,"18,274",,,,,,,,,,
4/18/16,"28,512",,,,,,,,,,
4/19/16,"33,719",,,,,,,,,,
4/20/16,"34,577",,,,,,,,,,
4/21/16,"31,937",,,,,,,,,,
4/22/16,"20,532",,,,,,,,,,
4/23/16,"22,060",,,,,,,,,,
4/24/16,"18,873",,,,,,,,,,
4/25/16,"24,389",,,,,,,,,,
4/26/16,"27,862",,,,,,,,,,
4/27/16,"28,431",,,,,,,,,,
4/28/16,"28,901",,,,,,,,,,
4/29/16,"25,658",,,,,,,,,,
4/30/16,"24,844",,,,,,,,,,
5/1/16,"29,664",,,,,,,,,,
5/2/16,"19,598",,,,,,,,,,
5/3/16,"32,037",,,,,,,,,,
5/4/16,"36,514",,,,,,,,,,
5/5/16,"39,104",,,,,,,,,,
5/6/16,"40,117",,,,,,,,,,
5/7/16,"44,532",,,,,,,,,,
5/8/16,"45,301",,,,,,,,,,
5/9/16,"30,821",,,,,,,,,,
5/10/16,"21,673",,,,,,,,,,
5/11/16,"27,922",,,,,,,,,,
5/12/16,"38,525",,,,,,,,,,
5/13/16,"35,109",,,,,,,,,,
5/14/16,"30,442",,,,,,,,,,
5/15/16,"34,725",,,,,,,,,,
5/16/16,"37,441",,,,,,,,,,
5/17/16,"36,810",,,,,,,,,,
5/18/16,"24,335",,,,,,,,,,
5/19/16,"34,655",,,,,,,,,,
5/20/16,"36,101",,,,,,,,,,
5/21/16,"26,785",,,,,,,,,,
5/22/16,"31,115",,,,,,,,,,
5/23/16,"35,451",,,,,,,,,,
5/24/16,"36,580",,,,,,,,,,
5/25/16,"31,919",,,,,,,,,,
5/26/16,"37,442",,,,,,,,,,
5/27/16,"36,133",,,,,,,,,,
5/28/16,"31,301",,,,,,,,,,
5/29/16,"31,246",,,,,,,,,,
5/30/16,"24,041",,,,,,,,,,
5/31/16,"16,227",,,,,,,,,,
6/1/16,"27,156",,,,,,,,,,
6/2/16,"29,162",,,,,,,,,,
6/3/16,"29,580",,,,,,,,,,
6/4/16,"30,140",,,,,,,,,,
6/5/16,"40,836",,,,,,,,,,
6/6/16,"39,528",,,,,,,,,,
6/7/16,"35,137",,,,,,,,,,
6/8/16,"34,588",,,,,,,,,,
6/9/16,"41,546",,,,,,,,,,
6/10/16,"40,139",,,,,,,,,,
6/11/16,"29,018",,,,,,,,,,
6/12/16,"18,109",,,,,,,,,,
6/13/16,"27,571",,,,,,,,,,
6/14/16,"30,218",,,,,,,,,,
6/15/16,"37,704",,,,,,,,,,
6/16/16,"31,406",,,,,,,,,,
6/17/16,"32,018",,,,,,,,,,
6/18/16,"29,692",,,,,,,,,,
6/19/16,"31,372",,,,,,,,,,
6/20/16,"22,309",,,,,,,,,,
6/21/16,"39,003",,,,,,,,,,
6/22/16,"36,628",,,,,,,,,,
6/23/16,"25,129",,,,,,,,,,
6/24/16,"36,530",,,,,,,,,,
6/25/16,"26,357",,,,,,,,,,
6/26/16,"29,597",,,,,,,,,,
6/27/16,"33,695",,,,,,,,,,
6/28/16,"31,701",,,,,,,,,,
6/29/16,"31,496",,,,,,,,,,
6/30/16,"35,867",,,,,,,,,,
7/1/16,"28,108",,,,,,,,,,
7/2/16,"30,802",,,,,,,,,,
7/3/16,"34,195",,,,,,,,,,
7/4/16,"37,628",,,,,,,,,,
7/5/16,"40,955",,,,,,,,,,
7/6/16,"42,871",,,,,,,,,,
7/7/16,"39,670",,,,,,,,,,
7/8/16,"37,311",,,,,,,,,,
7/9/16,"34,525",,,,,,,,,,
7/10/16,"29,556",,,,,,,,,,
7/11/16,"32,781",,,,,,,,,,
7/12/16,"30,186",,,,,,,,,,
7/13/16,"36,128",,,,,,,,,,
7/14/16,"40,364",,,,,,,,,,
7/15/16,"37,045",,,,,,,,,,
7/16/16,"38,916",,,,,,,,,,
7/17/16,"38,340",,,,,,,,,,
7/18/16,"43,497",,,,,,,,,,
7/19/16,"46,625",,,,,,,,,,
7/20/16,"45,156",,,,,,,,,,
7/21/16,"41,731",,,,,,,,,,
7/22/16,"36,401",,,,,,,,,,
7/23/16,"42,121",,,,,,,,,,
7/24/16,"39,070",,,,,,,,,,
7/25/16,"40,999",,,,,,,,,,
7/26/16,"42,528",,,,,,,,,,
7/27/16,"33,646",,,,,,,,,,
7/28/16,"39,009",,,,,,,,,,
7/29/16,"35,737",,,,,,,,,,
7/30/16,"46,251",,,,,,,,,,
7/31/16,"46,276",,,,,,,,,,
8/1/16,"30,074",,,,,,,,,,
8/2/16,"28,949",,,,,,,,,,
8/3/16,"40,683",,,,,,,,,,
8/4/16,"39,488",,,,,,,,,,
8/5/16,"40,570",,,,,,,,,,
8/6/16,"42,579",,,,,,,,,,
8/7/16,"38,620",,,,,,,,,,
8/8/16,"38,117",,,,,,,,,,
8/9/16,"40,052",,,,,,,,,,
8/10/16,"38,917",,,,,,,,,,
8/11/16,"38,034",,,,,,,,,,
8/12/16,"40,645",,,,,,,,,,
8/13/16,"43,792",,,,,,,,,,
8/14/16,"44,648",,,,,,,,,,
8/15/16,"41,764",,,,,,,,,,
8/16/16,"40,899",,,,,,,,,,
8/17/16,"42,879",,,,,,,,,,
8/18/16,"39,379",,,,,,,,,,
8/19/16,"25,862",,,,,,,,,,
8/20/16,"24,712",,,,,,,,,,
8/21/16,"28,625",,,,,,,,,,
8/22/16,"36,064",,,,,,,,,,
8/23/16,"42,558",,,,,,,,,,
8/24/16,"41,088",,,,,,,,,,
8/25/16,"38,191",,,,,,,,,,
8/26/16,"38,222",,,,,,,,,,
8/27/16,"32,656",,,,,,,,,,
8/28/16,"26,325",,,,,,,,,,
8/29/16,"34,665",,,,,,,,,,
8/30/16,"39,992",,,,,,,,,,
8/31/16,"39,344",,,,,,,,,,
9/1/16,"40,302",,,,,,,,,,
9/2/16,"34,661",,,,,,,,,,
9/3/16,"23,805",,,,,,,,,,
9/4/16,"27,901",,,,,,,,,,
9/5/16,"28,210",,,,,,,,,,
9/6/16,"37,982",,,,,,,,,,
9/7/16,"40,232",,,,,,,,,,
9/8/16,"41,004",,,,,,,,,,
9/9/16,"36,554",,,,,,,,,,
9/10/16,"17,308",,,,,,,,,,
9/11/16,"39,906",,,,,,,,,,
9/12/16,"39,687",,,,,,,,,,
9/13/16,"44,035",,,,,,,,,,
9/14/16,"44,909",,,,,,,,,,
9/15/16,"42,598",,,,,,,,,,
9/16/16,"22,204",,,,,,,,,,
9/17/16,"27,548",,,,,,,,,,
9/18/16,"29,830",,,,,,,,,,
9/19/16,"33,401",,,,,,,,,,
9/20/16,"37,658",,,,,,,,,,
9/21/16,"40,646",,,,,,,,,,
9/22/16,"38,411",,,,,,,,,,
9/23/16,"38,963",,,,,,,,,,
9/24/16,"36,243",,,,,,,,,,
9/25/16,"30,015",,,,,,,,,,
9/26/16,"35,059",,,,,,,,,,
9/27/16,"36,094",,,,,,,,,,
9/28/16,"38,893",,,,,,,,,,
9/29/16,"34,840",,,,,,,,,,
9/30/16,"34,140",,,,,,,,,,
10/1/16,"17,832",,,,,,,,,,
10/2/16,"27,335",,,,,,,,,,
10/3/16,"35,892",,,,,,,,,,
10/4/16,"37,162",,,,,,,,,,
10/5/16,"36,314",,,,,,,,,,
10/6/16,"35,332",,,,,,,,,,
10/7/16,"33,361",,,,,,,,,,
10/8/16,"27,236",,,,,,,,,,
10/9/16,"25,390",,,,,,,,,,
10/10/16,"33,045",,,,,,,,,,
10/11/16,"35,254",,,,,,,,,,
10/12/16,"32,552",,,,,,,,,,
10/13/16,"30,762",,,,,,,,,,
10/14/16,"32,637",,,,,,,,,,
10/15/16,"23,773",,,,,,,,,,
10/16/16,"18,685",,,,,,,,,,
10/17/16,"29,007",,,,,,,,,,
10/18/16,"33,062",,,,,,,,,,
10/19/16,"33,953",,,,,,,,,,
10/20/16,"32,624",,,,,,,,,,
10/21/16,"30,838",,,,,,,,,,
10/22/16,"26,322",,,,,,,,,,
10/23/16,"23,812",,,,,,,,,,
10/24/16,"30,329",,,,,,,,,,
10/25/16,"33,313",,,,,,,,,,
10/26/16,"34,322",,,,,,,,,,
10/27/16,"34,203",,,,,,,,,,
10/28/16,"33,769",,,,,,,,,,
10/29/16,"28,114",,,,,,,,,,
10/30/16,"24,166",,,,,,,,,,
10/31/16,"34,747",,,,,,,,,,
11/1/16,"32,334",,,,,,,,,,
11/2/16,"32,316",,,,,,,,,,
11/3/16,"31,111",,,,,,,,,,
11/4/16,"22,143",,,,,,,,,,
11/5/16,"19,649",,,,,,,,,,
11/6/16,"13,576",,,,,,,,,,
11/7/16,"17,329",,,,,,,,,,
11/8/16,"26,382",,,,,,,,,,
11/9/16,"18,878",,,,,,,,,,
11/10/16,"26,075",,,,,,,,,,
11/11/16,"28,088",,,,,,,,,,
11/12/16,"9,709",,,,,,,,,,
11/13/16,"19,258",,,,,,,,,,
11/14/16,"24,824",,,,,,,,,,
11/15/16,"28,810",,,,,,,,,,
11/16/16,"27,646",,,,,,,,,,
11/17/16,"27,692",,,,,,,,,,
11/18/16,"26,884",,,,,,,,,,
11/19/16,"18,288",,,,,,,,,,
11/20/16,"10,704",,,,,,,,,,
11/21/16,"19,374",,,,,,,,,,
11/22/16,"27,723",,,,,,,,,,
11/23/16,"29,047",,,,,,,,,,
11/24/16,"28,091",,,,,,,,,,
11/25/16,"27,692",,,,,,,,,,
11/26/16,"19,805",,,,,,,,,,
11/27/16,"15,628",,,,,,,,,,
11/28/16,"26,980",,,,,,,,,,
11/29/16,"27,847",,,,,,,,,,
11/30/16,"27,119",,,,,,,,,,
12/1/16,"26,431",,,,,,,,,,
12/2/16,"26,223",,,,,,,,,,
12/3/16,"18,120",,,,,,,,,,
12/4/16,"15,448",,,,,,,,,,
12/5/16,"26,456",,,,,,,,,,
12/6/16,"28,347",,,,,,,,,,
12/7/16,"29,735",,,,,,,,,,
12/8/16,"28,632",,,,,,,,,,
12/9/16,"30,076",,,,,,,,,,
12/10/16,"15,054",,,,,,,,,,
12/11/16,"17,713",,,,,,,,,,
12/12/16,"25,476",,,,,,,,,,
12/13/16,"26,747",,,,,,,,,,
12/14/16,"29,130",,,,,,,,,,
12/15/16,"28,449",,,,,,,,,,
12/16/16,"27,926",,,,,,,,,,
12/17/16,"17,473",,,,,,,,,,
12/18/16,"15,152",,,,,,,,,,
12/19/16,"23,736",,,,,,,,,,
12/20/16,"25,106",,,,,,,,,,
12/21/16,"23,329",,,,,,,,,,
12/22/16,"21,659",,,,,,,,,,
12/23/16,"14,534",,,,,,,,,,
12/24/16,"7,978",,,,,,,,,,
12/25/16,"37,401",,,,,,,,,,
12/26/16,"11,637",,,,,,,,,,
12/27/16,"11,003",,,,,,,,,,
12/28/16,"12,530",,,,,,,,,,
12/29/16,"14,206",,,,,,,,,,
12/30/16,"11,684",,,,,,,,,,
12/31/16,"11,584",,,,,,,,,,
1/1/17,"6,534",,,,,,,,,,
1/2/17,"11,954",,,,,,,,,,
1/3/17,"19,622",,,,,,,,,,
1/4/17,"22,122",,,,,,,,,,
1/5/17,"23,580",,,,,,,,,,
1/6/17,"18,973",,,,,,,,,,
1/7/17,"13,879",,,,,,,,,,
1/8/17,"13,506",,,,,,,,,,
1/9/17,"38,042",,,,,,,,,,
1/10/17,"28,106",,,,,,,,,,
1/11/17,"28,270",,,,,,,,,,
1/12/17,"17,109",,,,,,,,,,
1/13/17,"20,963",,,,,,,,,,
1/14/17,"13,766",,,,,,,,,,
1/15/17,"6,752",,,,,,,,,,
1/16/17,"19,230",,,,,,,,,,
1/17/17,"27,281",,,,,,,,,,
1/18/17,"27,194",,,,,,,,,,
1/19/17,"26,826",,,,,,,,,,
1/20/17,"25,125",,,,,,,,,,
1/21/17,"17,552",,,,,,,,,,
1/22/17,"15,628",,,,,,,,,,
1/23/17,"23,280",,,,,,,,,,
1/24/17,"26,611",,,,,,,,,,
1/25/17,"25,175",,,,,,,,,,
1/26/17,"23,831",,,,,,,,,,
1/27/17,"23,387",,,,,,,,,,
1/28/17,"17,523",,,,,,,,,,
1/29/17,"9,078",,,,,,,,,,
1/30/17,"24,969",,,,,,,,,,
1/31/17,"22,623",,,,,,,,,,
2/1/17,"23,181",,,,,,,,,,
2/2/17,"25,601",,,,,,,,,,
2/3/17,"23,231",,,,,,,,,,
2/4/17,"17,324",,,,,,,,,,
2/5/17,"14,570",,,,,,,,,,
2/6/17,"24,312",,,,,,,,,,
2/7/17,"27,156",,,,,,,,,,
2/8/17,"25,770",,,,,,,,,,
2/9/17,"22,900",,,,,,,,,,
2/10/17,"18,673",,,,,,,,,,
2/11/17,"9,394",,,,,,,,,,
2/12/17,"10,272",,,,,,,,,,
2/13/17,"24,159",,,,,,,,,,
2/14/17,"26,649",,,,,,,,,,
2/15/17,"24,330",,,,,,,,,,
2/16/17,"26,649",,,,,,,,,,
2/17/17,"25,883",,,,,,,,,,
2/18/17,"21,292",,,,,,,,,,
2/19/17,"19,169",,,,,,,,,,
2/20/17,"28,665",,,,,,,,,,
2/21/17,"28,929",,,,,,,,,,
2/22/17,"27,290",,,,,,,,,,
2/23/17,"22,520",,,,,,,,,,
2/24/17,"26,832",,,,,,,,,,
2/25/17,"14,132",,,,,,,,,,
2/26/17,"14,911",,,,,,,,,,
2/27/17,"20,001",,,,,,,,,,
2/28/17,"24,755",,,,,,,,,,
3/1/17,"24,746",,,,,,,,,,
3/2/17,"26,938",,,,,,,,,,
3/3/17,"22,914",,,,,,,,,,
3/4/17,"21,546",,,,,,,,,,
3/5/17,"10,593",,,,,,,,,,
3/6/17,"26,917",,,,,,,,,,
3/7/17,"29,174",,,,,,,,,,
3/8/17,"24,440",,,,,,,,,,
3/9/17,"31,113",,,,,,,,,,
3/10/17,"28,126",,,,,,,,,,
3/11/17,"30,560",,,,,,,,,,
3/12/17,"15,850",,,,,,,,,,
3/13/17,"32,177",,,,,,,,,,
3/14/17,"30,857",,,,,,,,,,
3/15/17,"34,548",,,,,,,,,,
3/16/17,"31,876",,,,,,,,,,
3/17/17,"26,481",,,,,,,,,,
3/18/17,"7,771",,,,,,,,,,
3/19/17,"19,335",,,,,,,,,,
3/20/17,"24,145",,,,,,,,,,
3/21/17,"30,182",,,,,,,,,,
3/22/17,"23,725",,,,,,,,,,
3/23/17,"27,639",,,,,,,,,,
3/24/17,"27,578",,,,,,,,,,
3/25/17,"28,374",,,,,,,,,,
3/26/17,"24,090",,,,,,,,,,
3/27/17,"30,887",,,,,,,,,,
3/28/17,"32,314",,,,,,,,,,
3/29/17,"29,907",,,,,,,,,,
3/30/17,"34,219",,,,,,,,,,
3/31/17,"30,730",,,,,,,,,,
4/1/17,"28,237",,,,,,,,,,
4/2/17,"31,064",,,,,,,,,,
4/3/17,"34,287",,,,,,,,,,
4/4/17,"30,887",,,,,,,,,,
4/5/17,"33,985",,,,,,,,,,
4/6/17,"36,003",,,,,,,,,,
4/7/17,"35,434",,,,,,,,,,
4/8/17,"38,878",,,,,,,,,,
4/9/17,"42,854",,,,,,,,,,
4/10/17,"31,158",,,,,,,,,,
4/11/17,"35,436",,,,,,,,,,
4/12/17,"32,570",,,,,,,,,,
4/13/17,"30,343",,,,,,,,,,
4/14/17,"22,357",,,,,,,,,,
4/15/17,"24,627",,,,,,,,,,
4/16/17,"23,090",,,,,,,,,,
4/17/17,"20,130",,,,,,,,,,
4/18/17,"29,490",,,,,,,,,,
4/19/17,"32,500",,,,,,,,,,
4/20/17,"33,546",,,,,,,,,,
4/21/17,"31,510",,,,,,,,,,
4/22/17,"28,323",,,,,,,,,,
4/23/17,"28,736",,,,,,,,,,
4/24/17,"28,500",,,,,,,,,,
4/25/17,"32,383",,,,,,,,,,
4/26/17,"28,360",,,,,,,,,,
4/27/17,"26,727",,,,,,,,,,
4/28/17,"30,390",,,,,,,,,,
4/29/17,"28,450",,,,,,,,,,
4/30/17,"27,461",,,,,,,,,,
5/1/17,"18,493",,,,,,,,,,
5/2/17,"32,945",,,,,,,,,,
5/3/17,"27,191",,,,,,,,,,
5/4/17,"31,200",,,,,,,,,,
5/5/17,"31,355",,,,,,,,,,
5/6/17,"29,020",,,,,,,,,,
5/7/17,"28,491",,,,,,,,,,
5/8/17,"30,426",,,,,,,,,,
5/9/17,"33,211",,,,,,,,,,
5/10/17,"36,305",,,,,,,,,,
5/11/17,"33,911",,,,,,,,,,
5/12/17,"32,618",,,,,,,,,,
5/13/17,"29,539",,,,,,,,,,
5/14/17,"30,145",,,,,,,,,,
5/15/17,"25,882",,,,,,,,,,
5/16/17,"35,964",,,,,,,,,,
5/17/17,"18,926",,,,,,,,,,
5/18/17,"23,268",,,,,,,,,,
5/19/17,"28,730",,,,,,,,,,
5/20/17,"26,825",,,,,,,,,,
5/21/17,"33,728",,,,,,,,,,
5/22/17,"40,021",,,,,,,,,,
5/23/17,"39,259",,,,,,,,,,
5/24/17,"41,644",,,,,,,,,,
5/25/17,"43,528",,,,,,,,,,
5/26/17,"43,701",,,,,,,,,,
5/27/17,"35,354",,,,,,,,,,
5/28/17,"27,909",,,,,,,,,,
5/29/17,"26,476",,,,,,,,,,
5/30/17,"37,517",,,,,,,,,,
5/31/17,"39,019",,,,,,,,,,
6/1/17,"42,514",,,,,,,,,,
6/2/17,"34,459",,,,,,,,,,
6/3/17,"38,635",,,,,,,,,,
6/4/17,"30,840",,,,,,,,,,
6/5/17,"30,846",,,,,,,,,,
6/6/17,"17,387",,,,,,,,,,
6/7/17,"34,819",,,,,,,,,,
6/8/17,"32,751",,,,,,,,,,
6/9/17,"33,705",,,,,,,,,,
6/10/17,"36,788",,,,,,,,,,
6/11/17,"32,997",,,,,,,,,,
6/12/17,"36,114",,,,,,,,,,
6/13/17,"41,337",,,,,,,,,,
6/14/17,"44,762",,,,,,,,,,
6/15/17,"42,249",,,,,,,,,,
6/16/17,"40,288",,,,,,,,,,
6/17/17,"41,719",,,,,,,,,,
6/18/17,"38,577",,,,,,,,,,
6/19/17,"41,624",,,,,,,,,,
6/20/17,"43,185",,,,,,,,,,
6/21/17,"43,885",,,,,,,,,,
6/22/17,"39,708",,,,,,,,,,
6/23/17,"40,025",,,,,,,,,,
6/24/17,"30,271",,,,,,,,,,
6/25/17,"31,012",,,,,,,,,,
6/26/17,"42,096",,,,,,,,,,
6/27/17,"24,206",,,,,,,,,,
6/28/17,"33,008",,,,,,,,,,
6/29/17,"38,137",,,,,,,,,,
6/30/17,"40,350",,,,,,,,,,
7/1/17,"36,183",,,,,,,,,,
7/2/17,"42,875",,,,,,,,,,
7/3/17,"39,970",,,,,,,,,,
7/4/17,"43,784",,,,,,,,,,
7/5/17,"46,035",,,,,,,,,,
7/6/17,"44,386",,,,,,,,,,
7/7/17,"43,547",,,,,,,,,,
7/8/17,"40,196",,,,,,,,,,
7/9/17,"38,912",,,,,,,,,,
7/10/17,"41,086",,,,,,,,,,
7/11/17,"25,955",,,,,,,,,,
7/12/17,"38,377",,,,,,,,,,
7/13/17,"42,082",,,,,,,,,,
7/14/17,"38,932",,,,,,,,,,
7/15/17,"30,690",,,,,,,,,,
7/16/17,"31,595",,,,,,,,,,
7/17/17,"41,811",,,,,,,,,,
7/18/17,"41,804",,,,,,,,,,
7/19/17,"39,340",,,,,,,,,,
7/20/17,"37,164",,,,,,,,,,
7/21/17,"37,967",,,,,,,,,,
7/22/17,"16,392",,,,,,,,,,
7/23/17,"26,432",,,,,,,,,,
7/24/17,"32,515",,,,,,,,,,
7/25/17,"41,029",,,,,,,,,,
7/26/17,"33,566",,,,,,,,,,
7/27/17,"32,588",,,,,,,,,,
7/28/17,"32,857",,,,,,,,,,
7/29/17,"23,334",,,,,,,,,,
7/30/17,"31,893",,,,,,,,,,
7/31/17,"38,541",,,,,,,,,,
8/1/17,"39,837",,,,,,,,,,
8/2/17,"27,123",,,,,,,,,,
8/3/17,"34,430",,,,,,,,,,
8/4/17,"34,893",,,,,,,,,,
8/5/17,"27,715",,,,,,,,,,
8/6/17,"31,536",,,,,,,,,,
8/7/17,"32,303",,,,,,,,,,
8/8/17,"33,854",,,,,,,,,,
8/9/17,"11,525",,,,,,,,,,
8/10/17,"35,707",,,,,,,,,,
8/11/17,"34,462",,,,,,,,,,
8/12/17,"31,034",,,,,,,,,,
8/13/17,"34,928",,,,,,,,,,
8/14/17,"35,979",,,,,,,,,,
8/15/17,"38,181",,,,,,,,,,
8/16/17,"37,037",,,,,,,,,,
8/17/17,"31,947",,,,,,,,,,
8/18/17,"28,252",,,,,,,,,,
8/19/17,"29,156",,,,,,,,,,
8/20/17,"25,270",,,,,,,,,,
8/21/17,"27,725",,,,,,,,,,
8/22/17,"33,327",,,,,,,,,,
8/23/17,"34,439",,,,,,,,,,
8/24/17,"34,548",,,,,,,,,,
8/25/17,"35,108",,,,,,,,,,
8/26/17,"31,442",,,,,,,,,,
8/27/17,"33,657",,,,,,,,,,
8/28/17,"34,862",,,,,,,,,,
8/29/17,"35,427",,,,,,,,,,
8/30/17,"22,542",,,,,,,,,,
8/31/17,"35,953",,,,,,,,,,
9/1/17,"36,194",,,,,,,,,,
9/2/17,"35,246",,,,,,,,,,
9/3/17,"21,934",,,,,,,,,,
9/4/17,"28,710",,,,,,,,,,
9/5/17,"32,336",,,,,,,,,,
9/6/17,"36,559",,,,,,,,,,
9/7/17,"35,614",,,,,,,,,,
9/8/17,"23,199",,,,,,,,,,
9/9/17,"28,349",,,,,,,,,,
9/10/17,"21,298",,,,,,,,,,
9/11/17,"26,886",,,,,,,,,,
9/12/17,"32,569",,,,,,,,,,
9/13/17,"32,583",,,,,,,,,,
9/14/17,"33,252",,,,,,,,,,
9/15/17,"31,628",,,,,,,,,,
9/16/17,"26,166",,,,,,,,,,
9/17/17,"25,300",,,,,,,,,,
9/18/17,"30,718",,,,,,,,,,
9/19/17,"34,917",,,,,,,,,,
9/20/17,"35,149",,,,,,,,,,
9/21/17,"31,174",,,,,,,,,,
9/22/17,"36,125",,,,,,,,,,
9/23/17,"30,654",,,,,,,,,,
9/24/17,"32,726",,,,,,,,,,
9/25/17,"30,066",,,,,,,,,,
9/26/17,"37,394",,,,,,,,,,
9/27/17,"34,694",,,,,,,,,,
9/28/17,"35,526",,,,,,,,,,
9/29/17,"28,782",,,,,,,,,,
9/30/17,"29,003",,,,,,,,,,
10/1/17,"22,814",,,,,,,,,,
10/2/17,"33,891",,,,,,,,,,
10/3/17,"37,187",,,,,,,,,,
10/4/17,"36,798",,,,,,,,,,
10/5/17,"34,779",,,,,,,,,,
10/6/17,"35,344",,,,,,,,,,
10/7/17,"25,505",,,,,,,,,,
10/8/17,"28,830",,,,,,,,,,
10/9/17,"34,182",,,,,,,,,,
10/10/17,"35,961",,,,,,,,,,
10/11/17,"32,760",,,,,,,,,,
10/12/17,"36,372",,,,,,,,,,
10/13/17,"34,229",,,,,,,,,,
10/14/17,"32,123",,,,,,,,,,
10/15/17,"32,696",,,,,,,,,,
10/16/17,"34,787",,,,,,,,,,
10/17/17,"35,199",,,,,,,,,,
10/18/17,"27,348",,,,,,,,,,
10/19/17,"31,069",,,,,,,,,,
10/20/17,"31,306",,,,,,,,,,
10/21/17,"22,475",,,,,,,,,,
10/22/17,"21,013",,,,,,,,,,
10/23/17,"30,604",,,,,,,,,,
10/24/17,"33,732",,,,,,,,,,
10/25/17,"36,064",,,,,,,,,,
10/26/17,"28,423",,,,,,,,,,
10/27/17,"34,654",,,,,,,,,,
10/28/17,"26,633",,,,,,,,,,
10/29/17,"22,228",,,,,,,,,,
10/30/17,"31,364",,,,,,,,,,
10/31/17,"33,312",,,,,,,,,,
11/1/17,"34,747",,,,,,,,,,
11/2/17,"34,290",,,,,,,,,,
11/3/17,"34,716",,,,,,,,,,
11/4/17,"17,801",,,,,,,,,,
11/5/17,"21,588",,,,,,,,,,
11/6/17,"30,663",,,,,,,,,,
11/7/17,"27,314",,,,,,,,,,
11/8/17,"29,455",,,,,,,,,,
11/9/17,"31,374",,,,,,,,,,
11/10/17,"28,480",,,,,,,,,,
11/11/17,"16,679",,,,,,,,,,
11/12/17,"16,460",,,,,,,,,,
11/13/17,"29,301",,,,,,,,,,
11/14/17,"29,355",,,,,,,,,,
11/15/17,"30,564",,,,,,,,,,
11/16/17,"31,112",,,,,,,,,,
11/17/17,"29,876",,,,,,,,,,
11/18/17,"12,976",,,,,,,,,,
11/19/17,"18,874",,,,,,,,,,
11/20/17,"25,998",,,,,,,,,,
11/21/17,"31,316",,,,,,,,,,
11/22/17,"31,315",,,,,,,,,,
11/23/17,"30,147",,,,,,,,,,
11/24/17,"28,930",,,,,,,,,,
11/25/17,"17,691",,,,,,,,,,
11/26/17,"15,229",,,,,,,,,,
11/27/17,"24,324",,,,,,,,,,
11/28/17,"28,202",,,,,,,,,,
11/29/17,"27,319",,,,,,,,,,
11/30/17,"25,986",,,,,,,,,,
12/1/17,"24,321",,,,,,,,,,
12/2/17,"16,887",,,,,,,,,,
12/3/17,"12,773",,,,,,,,,,
12/4/17,"27,613",,,,,,,,,,
12/5/17,"29,611",,,,,,,,,,
12/6/17,"29,058",,,,,,,,,,
12/7/17,"24,810",,,,,,,,,,
12/8/17,"24,431",,,,,,,,,,
12/9/17,"15,509",,,,,,,,,,
12/10/17,"5,143",,,,,,,,,,
12/11/17,"13,055",,,,,,,,,,
12/12/17,"22,780",,,,,,,,,,
12/13/17,"20,074",,,,,,,,,,
12/14/17,"24,064",,,,,,,,,,
12/15/17,"21,107",,,,,,,,,,
12/16/17,"12,229",,,,,,,,,,
12/17/17,"7,519",,,,,,,,,,
12/18/17,"23,414",,,,,,,,,,
12/19/17,"22,935",,,,,,,,,,
12/20/17,"21,801",,,,,,,,,,
12/21/17,"20,945",,,,,,,,,,
12/22/17,"17,124",,,,,,,,,,
12/23/17,"9,725",,,,,,,,,,
12/24/17,"7,498",,,,,,,,,,
12/25/17,"27,305",,,,,,,,,,
12/26/17,"7,149",,,,,,,,,,
12/27/17,"5,426",,,,,,,,,,
12/28/17,"11,236",,,,,,,,,,
12/29/17,"8,346",,,,,,,,,,
12/30/17,"10,908",,,,,,,,,,
12/31/17,"9,292",,,,,,,,,,
1/1/18,"10,235",,,,,,,,,,
1/2/18,"14,394",,,,,,,,,,
1/3/18,"20,265",,,,,,,,,,
1/4/18,"17,543",,,,,,,,,,
1/5/18,"21,759",,,,,,,,,,
1/6/18,"13,920",,,,,,,,,,
1/7/18,"12,259",,,,,,,,,,
1/8/18,"23,374",,,,,,,,,,
1/9/18,"24,683",,,,,,,,,,
1/10/18,"26,787",,,,,,,,,,
1/11/18,"25,222",,,,,,,,,,
1/12/18,"24,696",,,,,,,,,,
1/13/18,"17,512",,,,,,,,,,
1/14/18,"15,070",,,,,,,,,,
1/15/18,"19,161",,,,,,,,,,
1/16/18,"26,921",,,,,,,,,,
1/17/18,"26,934",,,,,,,,,,
1/18/18,"26,471",,,,,,,,,,
1/19/18,"25,799",,,,,,,,,,
1/20/18,"9,398",,,,,,,,,,
1/21/18,"5,859",,,,,,,,,,
1/22/18,"26,337",,,,,,,,,,
1/23/18,"26,003",,,,,,,,,,
1/24/18,"20,206",,,,,,,,,,
1/25/18,"28,189",,,,,,,,,,
1/26/18,"26,430",,,,,,,,,,
1/27/18,"14,472",,,,,,,,,,
1/28/18,"17,512",,,,,,,,,,
1/29/18,"26,371",,,,,,,,,,
1/30/18,"28,002",,,,,,,,,,
1/31/18,"24,117",,,,,,,,,,
2/1/18,"25,525",,,,,,,,,,
2/2/18,"25,331",,,,,,,,,,
2/3/18,"8,975",,,,,,,,,,
2/4/18,"13,833",,,,,,,,,,
2/5/18,"23,898",,,,,,,,,,
2/6/18,"25,349",,,,,,,,,,
2/7/18,"25,388",,,,,,,,,,
2/8/18,"25,791",,,,,,,,,,
2/9/18,"21,037",,,,,,,,,,
2/10/18,"9,956",,,,,,,,,,
2/11/18,"14,621",,,,,,,,,,
2/12/18,"24,719",,,,,,,,,,
2/13/18,"20,931",,,,,,,,,,
2/14/18,"18,866",,,,,,,,,,
2/15/18,"25,264",,,,,,,,,,
2/16/18,"25,411",,,,,,,,,,
2/17/18,"23,169",,,,,,,,,,
2/18/18,"18,624",,,,,,,,,,
2/19/18,"19,879",,,,,,,,,,
2/20/18,"25,055",,,,,,,,,,
2/21/18,"26,434",,,,,,,,,,
2/22/18,"26,179",,,,,,,,,,
2/23/18,"23,067",,,,,,,,,,
2/24/18,"16,522",,,,,,,,,,
2/25/18,"14,037",,,,,,,,,,
2/26/18,"19,204",,,,,,,,,,
2/27/18,"18,741",,,,,,,,,,
2/28/18,"10,619",,,,,,,,,,
3/1/18,"8,744",,,,,,,,,,
3/2/18,"8,234",,,,,,,,,,
3/3/18,"7,924",,,,,,,,,,
3/4/18,"10,853",,,,,,,,,,
3/5/18,"24,818",,,,,,,,,,
3/6/18,"26,301",,,,,,,,,,
3/7/18,"22,044",,,,,,,,,,
3/8/18,"25,967",,,,,,,,,,
3/9/18,"18,912",,,,,,,,,,
3/10/18,"18,717",,,,,,,,,,
3/11/18,"16,259",,,,,,,,,,
3/12/18,"19,996",,,,,,,,,,
3/13/18,"28,069",,,,,,,,,,
3/14/18,"28,769",,,,,,,,,,
3/15/18,"25,318",,,,,,,,,,
3/16/18,"28,308",,,,,,,,,,
3/17/18,"8,106",,,,,,,,,,
3/18/18,"6,624",,,,,,,,,,
3/19/18,"20,488",,,,,,,,,,
3/20/18,"24,582",,,,,,,,,,
3/21/18,"27,719",,,,,,,,,,
3/22/18,"27,228",,,,,,,,,,
3/23/18,"26,894",,,,,,,,,,
3/24/18,"18,804",,,,,,,,,,
3/25/18,"19,723",,,,,,,,,,
3/26/18,"29,486",,,,,,,,,,
3/27/18,"22,603",,,,,,,,,,
3/28/18,"15,800",,,,,,,,,,
3/29/18,"20,237",,,,,,,,,,
3/30/18,"6,362",,,,,,,,,,
3/31/18,"11,032",,,,,,,,,,
4/1/18,"13,504",,,,,,,,,,
4/2/18,"7,998",,,,,,,,,,
4/3/18,"22,708",,,,,,,,,,
4/4/18,"23,173",,,,,,,,,,
4/5/18,"30,508",,,,,,,,,,
4/6/18,"30,690",,,,,,,,,,
4/7/18,"25,909",,,,,,,,,,
4/8/18,"9,759",,,,,,,,,,
4/9/18,"16,324",,,,,,,,,,
4/10/18,"26,751",,,,,,,,,,
4/11/18,"24,883",,,,,,,,,,
4/12/18,"26,473",,,,,,,,,,
4/13/18,"27,363",,,,,,,,,,
4/14/18,"34,235",,,,,,,,,,
4/15/18,"21,324",,,,,,,,,,
4/16/18,"30,730",,,,,,,,,,
4/17/18,"33,025",,,,,,,,,,
4/18/18,"40,544",,,,,,,,,,
4/19/18,"43,585",,,,,,,,,,
4/20/18,"45,048",,,,,,,,,,
4/21/18,"42,328",,,,,,,,,,
4/22/18,"38,395",,,,,,,,,,
4/23/18,"35,940",,,,,,,,,,
4/24/18,"33,430",,,,,,,,,,
4/25/18,"33,426",,,,,,,,,,
4/26/18,"34,995",,,,,,,,,,
4/27/18,"21,387",,,,,,,,,,
4/28/18,"17,368",,,,,,,,,,
4/29/18,"15,822",,,,,,,,,,
4/30/18,"17,112",,,,,,,,,,
5/1/18,"34,598",,,,,,,,,,
5/2/18,"23,727",,,,,,,,,,
5/3/18,"35,477",,,,,,,,,,
5/4/18,"36,447",,,,,,,,,,
5/5/18,"39,070",,,,,,,,,,
5/6/18,"40,606",,,,,,,,,,
5/7/18,"45,435",,,,,,,,,,
5/8/18,"41,579",,,,,,,,,,
5/9/18,"41,130",,,,,,,,,,
5/10/18,"38,054",,,,,,,,,,
5/11/18,"38,386",,,,,,,,,,
5/12/18,"16,717",,,,,,,,,,
5/13/18,"29,190",,,,,,,,,,
5/14/18,"38,095",,,,,,,,,,
5/15/18,"42,106",,,,,,,,,,
5/16/18,"34,627",,,,,,,,,,
5/17/18,"37,549",,,,,,,,,,
5/18/18,"37,305",,,,,,,,,,
5/19/18,"36,895",,,,,,,,,,
5/20/18,"39,964",,,,,,,,,,
5/21/18,"38,800",,,,,,,,,,
5/22/18,"41,242",,,,,,,,,,
5/23/18,"38,229",,,,,,,,,,
5/24/18,"31,970",,,,,,,,,,
5/25/18,"35,108",,,,,,,,,,
5/26/18,"33,573",,,,,,,,,,
5/27/18,"33,192",,,,,,,,,,
5/28/18,"36,742",,,,,,,,,,
5/29/18,"24,312",,,,,,,,,,
5/30/18,"34,884",,,,,,,,,,
5/31/18,"37,677",,,,,,,,,,
6/1/18,"37,293",,,,,,,,,,
6/2/18,"38,293",,,,,,,,,,
6/3/18,"39,871",,,,,,,,,,
6/4/18,"35,255",,,,,,,,,,
6/5/18,"37,048",,,,,,,,,,
6/6/18,"41,592",,,,,,,,,,
6/7/18,"37,841",,,,,,,,,,
6/8/18,"39,576",,,,,,,,,,
6/9/18,"36,466",,,,,,,,,,
6/10/18,"38,562",,,,,,,,,,
6/11/18,"41,027",,,,,,,,,,
6/12/18,"38,487",,,,,,,,,,
6/13/18,"40,569",,,,,,,,,,
6/14/18,"37,871",,,,,,,,,,
6/15/18,"39,862",,,,,,,,,,
6/16/18,"31,329",,,,,,,,,,
6/17/18,"26,769",,,,,,,,,,
6/18/18,"39,768",,,,,,,,,,
6/19/18,"41,862",,,,,,,,,,
6/20/18,"41,134",,,,,,,,,,
6/21/18,"41,533",,,,,,,,,,
6/22/18,"41,765",,,,,,,,,,
6/23/18,"38,772",,,,,,,,,,
6/24/18,"38,982",,,,,,,,,,
6/25/18,"44,565",,,,,,,,,,
6/26/18,"46,084",,,,,,,,,,
6/27/18,"44,788",,,,,,,,,,
6/28/18,"43,075",,,,,,,,,,
6/29/18,"43,081",,,,,,,,,,
6/30/18,"38,522",,,,,,,,,,
7/1/18,"37,334",,,,,,,,,,
7/2/18,"42,556",,,,,,,,,,
7/3/18,"44,655",,,,,,,,,,
7/4/18,"43,511",,,,,,,,,,
7/5/18,"44,052",,,,,,,,,,
7/6/18,"43,143",,,,,,,,,,
7/7/18,"36,308",,,,,,,,,,
7/8/18,"38,196",,,,,,,,,,
7/9/18,"41,893",,,,,,,,,,
7/10/18,"43,535",,,,,,,,,,
7/11/18,"44,003",,,,,,,,,,
7/12/18,"41,826",,,,,,,,,,
7/13/18,"38,879",,,,,,,,,,
7/14/18,"37,733",,,,,,,,,,
7/15/18,"37,299",,,,,,,,,,
7/16/18,"41,828",,,,,,,,,,
7/17/18,"43,392",,,,,,,,,,
7/18/18,"43,183",,,,,,,,,,
7/19/18,"42,857",,,,,,,,,,
7/20/18,"40,297",,,,,,,,,,
7/21/18,"38,763",,,,,,,,,,
7/22/18,"37,683",,,,,,,,,,
7/23/18,"42,509",,,,,,,,,,
7/24/18,"44,195",,,,,,,,,,
7/25/18,"44,870",,,,,,,,,,
7/26/18,"43,343",,,,,,,,,,
7/27/18,"34,606",,,,,,,,,,
7/28/18,"41,145",,,,,,,,,,
7/29/18,"18,974",,,,,,,,,,
7/30/18,"38,274",,,,,,,,,,
7/31/18,"42,260",,,,,,,,,,
8/1/18,"43,691",,,,,,,,,,
8/2/18,"43,292",,,,,,,,,,
8/3/18,"40,908",,,,,,,,,,
8/4/18,"39,318",,,,,,,,,,
8/5/18,"40,220",,,,,,,,,,
8/6/18,"41,963",,,,,,,,,,
8/7/18,"40,954",,,,,,,,,,
8/8/18,"42,676",,,,,,,,,,
8/9/18,"20,574",,,,,,,,,,
8/10/18,"29,253",,,,,,,,,,
8/11/18,"33,214",,,,,,,,,,
8/12/18,"23,113",,,,,,,,,,
8/13/18,"36,510",,,,,,,,,,
8/14/18,"40,735",,,,,,,,,,
8/15/18,"40,930",,,,,,,,,,
8/16/18,"28,400",,,,,,,,,,
8/17/18,"36,869",,,,,,,,,,
8/18/18,"31,691",,,,,,,,,,
8/19/18,"32,209",,,,,,,,,,
8/20/18,"37,839",,,,,,,,,,
8/21/18,"40,293",,,,,,,,,,
8/22/18,"38,401",,,,,,,,,,
8/23/18,"34,492",,,,,,,,,,
8/24/18,"27,839",,,,,,,,,,
8/25/18,"25,490",,,,,,,,,,
8/26/18,"8,177",,,,,,,,,,
8/27/18,"25,059",,,,,,,,,,
8/28/18,"34,791",,,,,,,,,,
8/29/18,"27,070",,,,,,,,,,
8/30/18,"37,001",,,,,,,,,,
8/31/18,"35,209",,,,,,,,,,
9/1/18,"35,326",,,,,,,,,,
9/2/18,"35,048",,,,,,,,,,
9/3/18,"36,068",,,,,,,,,,
9/4/18,"36,581",,,,,,,,,,
9/5/18,"36,059",,,,,,,,,,
9/6/18,"34,778",,,,,,,,,,
9/7/18,"35,451",,,,,,,,,,
9/8/18,"28,318",,,,,,,,,,
9/9/18,"30,598",,,,,,,,,,
9/10/18,"36,965",,,,,,,,,,
9/11/18,"37,221",,,,,,,,,,
9/12/18,"33,403",,,,,,,,,,
9/13/18,"38,708",,,,,,,,,,
9/14/18,"35,332",,,,,,,,,,
9/15/18,"33,465",,,,,,,,,,
9/16/18,"32,055",,,,,,,,,,
9/17/18,"39,190",,,,,,,,,,
9/18/18,"38,360",,,,,,,,,,
9/19/18,"37,027",,,,,,,,,,
9/20/18,"35,317",,,,,,,,,,
9/21/18,"32,942",,,,,,,,,,
9/22/18,"12,376",,,,,,,,,,
9/23/18,"13,192",,,,,,,,,,
9/24/18,"34,563",,,,,,,,,,
9/25/18,"36,730",,,,,,,,,,
9/26/18,"39,281",,,,,,,,,,
9/27/18,"39,835",,,,,,,,,,
9/28/18,"35,817",,,,,,,,,,
9/29/18,"32,941",,,,,,,,,,
9/30/18,"25,254",,,,,,,,,,
10/1/18,"34,411",,,,,,,,,,
10/2/18,"37,515",,,,,,,,,,
10/3/18,"38,434",,,,,,,,,,
10/4/18,"36,930",,,,,,,,,,
10/5/18,"39,569",,,,,,,,,,
10/6/18,"10,043",,,,,,,,,,
10/7/18,"25,713",,,,,,,,,,
10/8/18,"35,156",,,,,,,,,,
10/9/18,"39,132",,,,,,,,,,
10/10/18,"39,398",,,,,,,,,,
10/11/18,"35,875",,,,,,,,,,
10/12/18,"35,747",,,,,,,,,,
10/13/18,"36,393",,,,,,,,,,
10/14/18,"10,292",,,,,,,,,,
10/15/18,"28,044",,,,,,,,,,
10/16/18,"37,920",,,,,,,,,,
10/17/18,"30,482",,,,,,,,,,
10/18/18,"35,206",,,,,,,,,,
10/19/18,"34,707",,,,,,,,,,
10/20/18,"32,588",,,,,,,,,,
10/21/18,"32,484",,,,,,,,,,
10/22/18,"34,430",,,,,,,,,,
10/23/18,"34,889",,,,,,,,,,
10/24/18,"35,656",,,,,,,,,,
10/25/18,"34,640",,,,,,,,,,
10/26/18,"27,636",,,,,,,,,,
10/27/18,"18,756",,,,,,,,,,
10/28/18,"13,675",,,,,,,,,,
10/29/18,"29,409",,,,,,,,,,
10/30/18,"30,269",,,,,,,,,,
10/31/18,"32,891",,,,,,,,,,
11/1/18,"23,475",,,,,,,,,,
11/2/18,"31,083",,,,,,,,,,
11/3/18,"25,142",,,,,,,,,,
11/4/18,"21,829",,,,,,,,,,
11/5/18,"31,421",,,,,,,,,,
11/6/18,"33,038",,,,,,,,,,
11/7/18,"27,656",,,,,,,,,,
11/8/18,"32,933",,,,,,,,,,
11/9/18,"27,403",,,,,,,,,,
11/10/18,"14,732",,,,,,,,,,
11/11/18,"18,455",,,,,,,,,,
11/12/18,"26,077",,,,,,,,,,
11/13/18,"32,062",,,,,,,,,,
11/14/18,"33,339",,,,,,,,,,
11/15/18,"33,043",,,,,,,,,,
11/16/18,"28,581",,,,,,,,,,
11/17/18,"20,518",,,,,,,,,,
11/18/18,"9,585",,,,,,,,,,
11/19/18,"18,246",,,,,,,,,,
11/20/18,"15,237",,,,,,,,,,
11/21/18,"25,022",,,,,,,,,,
11/22/18,"26,112",,,,,,,,,,
11/23/18,"25,881",,,,,,,,,,
11/24/18,"15,813",,,,,,,,,,
11/25/18,"14,529",,,,,,,,,,
11/26/18,"27,509",,,,,,,,,,
11/27/18,"22,128",,,,,,,,,,
11/28/18,"22,846",,,,,,,,,,
11/29/18,"25,714",,,,,,,,,,
11/30/18,"28,615",,,,,,,,,,
12/1/18,"14,046",,,,,,,,,,
12/2/18,"15,990",,,,,,,,,,
12/3/18,"25,801",,,,,,,,,,
12/4/18,"28,982",,,,,,,,,,
12/5/18,"23,816",,,,,,,,,,
12/6/18,"16,600",,,,,,,,,,
12/7/18,"18,608",,,,,,,,,,
12/8/18,"16,515",,,,,,,,,,
12/9/18,"15,441",,,,,,,,,,
12/10/18,"27,880",,,,,,,,,,
12/11/18,"28,904",,,,,,,,,,
12/12/18,"27,494",,,,,,,,,,
12/13/18,"25,997",,,,,,,,,,
12/14/18,"24,076",,,,,,,,,,
12/15/18,"8,076",,,,,,,,,,
12/16/18,"12,123",,,,,,,,,,
12/17/18,"24,973",,,,,,,,,,
12/18/18,"20,180",,,,,,,,,,
12/19/18,"22,425",,,,,,,,,,
12/20/18,"23,694",,,,,,,,,,
12/21/18,"19,169",,,,,,,,,,
12/22/18,"13,310",,,,,,,,,,
12/23/18,"6,748",,,,,,,,,,
12/24/18,"10,043",,,,,,,,,,
12/25/18,"35,267",,,,,,,,,,
12/26/18,"10,841",,,,,,,,,,
12/27/18,"12,310",,,,,,,,,,
12/28/18,"13,794",,,,,,,,,,
12/29/18,"13,100",,,,,,,,,,
12/30/18,"12,922",,,,,,,,,,
12/31/18,"16,305",,,,,,,,,,
1/1/19,"14,148",,,,,,,,,,
1/2/19,"19,746",,,,,,,,,,
1/3/19,"21,552",,,,,,,,,,
1/4/19,"20,863",,,,,,,,,,
1/5/19,"13,907",,,,,,,,,,
1/6/19,"14,262",,,,,,,,,,
1/7/19,"25,668",,,,,,,,,,
1/8/19,"27,757",,,,,,,,,,
1/9/19,"26,568",,,,,,,,,,
1/10/19,"26,022",,,,,,,,,,
1/11/19,"26,378",,,,,,,,,,
1/12/19,"16,750",,,,,,,,,,
1/13/19,"16,304",,,,,,,,,,
1/14/19,"28,097",,,,,,,,,,
1/15/19,"29,413",,,,,,,,,,
1/16/19,"24,500",,,,,,,,,,
1/17/19,"26,053",,,,,,,,,,
1/18/19,"25,525",,,,,,,,,,
1/19/19,"16,653",,,,,,,,,,
1/20/19,"16,803",,,,,,,,,,
1/21/19,"26,567",,,,,,,,,,
1/22/19,"23,083",,,,,,,,,,
1/23/19,"25,406",,,,,,,,,,
1/24/19,"24,357",,,,,,,,,,
1/25/19,"24,198",,,,,,,,,,
1/26/19,"15,062",,,,,,,,,,
1/27/19,"10,596",,,,,,,,,,
1/28/19,"25,859",,,,,,,,,,
1/29/19,"24,732",,,,,,,,,,
1/30/19,"25,482",,,,,,,,,,
1/31/19,"23,487",,,,,,,,,,
2/1/19,"12,841",,,,,,,,,,
2/2/19,"14,136",,,,,,,,,,
2/3/19,"14,637",,,,,,,,,,
2/4/19,"18,254",,,,,,,,,,
2/5/19,"25,682",,,,,,,,,,
2/6/19,"26,197",,,,,,,,,,
2/7/19,"26,703",,,,,,,,,,
2/8/19,"17,468",,,,,,,,,,
2/9/19,"17,439",,,,,,,,,,
2/10/19,"10,800",,,,,,,,,,
2/11/19,"27,439",,,,,,,,,,
2/12/19,"28,786",,,,,,,,,,
2/13/19,"29,145",,,,,,,,,,
2/14/19,"29,270",,,,,,,,,,
2/15/19,"28,838",,,,,,,,,,
2/16/19,"20,560",,,,,,,,,,
2/17/19,"24,383",,,,,,,,,,
2/18/19,"23,815",,,,,,,,,,
2/19/19,"28,927",,,,,,,,,,
2/20/19,"28,971",,,,,,,,,,
2/21/19,"30,474",,,,,,,,,,
2/22/19,"29,703",,,,,,,,,,
2/23/19,"29,242",,,,,,,,,,
2/24/19,"26,092",,,,,,,,,,
2/25/19,"31,480",,,,,,,,,,
2/26/19,"34,996",,,,,,,,,,
2/27/19,"35,420",,,,,,,,,,
2/28/19,"27,219",,,,,,,,,,
3/1/19,"28,255",,,,,,,,,,
3/2/19,"22,795",,,,,,,,,,
3/3/19,"9,641",,,,,,,,,,
3/4/19,"26,532",,,,,,,,,,
3/5/19,"29,701",,,,,,,,,,
3/6/19,"25,449",,,,,,,,,,
3/7/19,"24,884",,,,,,,,,,
3/8/19,"23,635",,,,,,,,,,
3/9/19,"19,951",,,,,,,,,,
3/10/19,"12,111",,,,,,,,,,
3/11/19,"27,725",,,,,,,,,,
3/12/19,"21,718",,,,,,,,,,
3/13/19,"26,816",,,,,,,,,,
3/14/19,"23,699",,,,,,,,,,
3/15/19,"26,123",,,,,,,,,,
3/16/19,"14,594",,,,,,,,,,
3/17/19,"14,390",,,,,,,,,,
3/18/19,"27,824",,,,,,,,,,
3/19/19,"27,683",,,,,,,,,,
3/20/19,"30,485",,,,,,,,,,
3/21/19,"31,307",,,,,,,,,,
3/22/19,"28,229",,,,,,,,,,
3/23/19,"25,897",,,,,,,,,,
3/24/19,"27,408",,,,,,,,,,
3/25/19,"31,215",,,,,,,,,,
3/26/19,"31,955",,,,,,,,,,
3/27/19,"31,263",,,,,,,,,,
3/28/19,"32,315",,,,,,,,,,
3/29/19,"35,321",,,,,,,,,,
3/30/19,"33,026",,,,,,,,,,
3/31/19,"20,325",,,,,,,,,,
4/1/19,"31,834",,,,,,,,,,
4/2/19,"24,529",,,,,,,,,,
4/3/19,"27,059",,,,,,,,,,
4/4/19,"25,493",,,,,,,,,,
4/5/19,"27,536",,,,,,,,,,
4/6/19,"20,423",,,,,,,,,,
4/7/19,"16,897",,,,,,,,,,
4/8/19,"26,527",,,,,,,,,,
4/9/19,"25,534",,,,,,,,,,
4/10/19,"31,699",,,,,,,,,,
4/11/19,"30,961",,,,,,,,,,
4/12/19,"27,403",,,,,,,,,,
4/13/19,"19,856",,,,,,,,,,
4/14/19,"20,896",,,,,,,,,,
4/15/19,"30,837",,,,,,,,,,
4/16/19,"31,842",,,,,,,,,,
4/17/19,"37,203",,,,,,,,,,
4/18/19,"36,574",,,,,,,,,,
4/19/19,"36,505",,,,,,,,,,
4/20/19,"38,712",,,,,,,,,,
4/21/19,"36,686",,,,,,,,,,
4/22/19,"35,435",,,,,,,,,,
4/23/19,"34,948",,,,,,,,,,
4/24/19,"34,593",,,,,,,,,,
4/25/19,"34,494",,,,,,,,,,
4/26/19,"32,006",,,,,,,,,,
4/27/19,"18,379",,,,,,,,,,
4/28/19,"22,631",,,,,,,,,,
4/29/19,"33,748",,,,,,,,,,
4/30/19,"38,908",,,,,,,,,,